jurisdiction,pda,tpp,expansion,count,add_bldg,drop_bldg,dua_up,far_up,dua_down,far_down,subsidy,place_type,notes
01640,aca1,,,202,HM MR,,20,,,,,muc,
00562,ala1,b2,,2,HM MR,,75,,,,,ttc,
00562,ala1,b3,,1,HM MR,,75,,,,,ttc,
00562,ala1,brt2,,619,HM MR,,75,,,,,ttc,
00562,ala1,,,10,HM MR,,75,,,,,ttc,
00562,ala2,b2,,2,HM MR,,20,,,,,muc,
00001,ala2,brt2,,1,HM MR,,20,,,,,muc,
00562,ala2,brt2,,745,HM MR,,20,,,,,muc,
00562,ala2,,,1,HM MR,,20,,,,,muc,
00674,alb1,b1,,210,HM MR,,20,,,,,muc,
06000,alb1,b1,,1,HM MR,,20,,,,,muc,
00674,alb1,b2,,47,HM MR,,20,,,,,muc,
00674,alb1,bart2,,36,HM MR,,20,,,,,muc,
00001,alc1,bart3a,,897,HM MR,,50,,,,,tn,
00001,alc2,b1,,471,HM MR,,20,,,,,muc,
00001,alc2,b2,,185,HM MR,,20,,,,,muc,
33000,alc2,b2,,1,HM MR,,20,,,,,muc,
00001,alc2,b3,,412,HM MR,,20,,,,,muc,
00001,alc2,bart1,,474,HM MR,,20,,,,,muc,
68084,alc2,bart1,,2,HM MR,,20,,,,,muc,
00001,alc2,,,1356,HM MR,,20,,,,,muc,
33000,alc2,,,6,HM MR,,20,,,,,muc,
00001,alc3,b3,ubz,132,HM MR,,50,,,,,tn,
00001,alc3,b3,,1761,HM MR,,50,,,,,tn,
68084,alc3,b3,,1,HM MR,,50,,,,,tn,
00001,alc3,bart1,,1,HM MR,,50,,,,,tn,
00001,alc4,b2,,60,HM MR,,50,,,,,tn,
00001,alc4,b3,,244,HM MR,,50,,,,,tn,
33000,alc4,b3,,2,HM MR,,50,,,,,tn,
00001,alc4,bart2,,1,HM MR,,50,,,,,tn,
00001,alc4,,,204,HM MR,,50,,,,,tn,
02252,ant1,bart3a,,14,HM MR,,100,,,,,sc,
02252,ant1,,,31,HM MR,,100,,,,,sc,
02252,ant2,b3,,172,HM MR,,75,,,,,ttc,
00013,ant2,,ubz,1,HM MR,,75,,,,,ttc,
00013,ant2,,,4,HM MR,,75,,,,,ttc,
02252,ant2,,,947,HM MR,,75,,,,,ttc,
05108,bel1,brt2,,225,HM MR,,20,,,,,muc,
00095,ben1,,,5,HM MR,,50,,,,,tn,
05290,ben1,,,664,HM MR,,50,,,,,tn,
00095,ben2,,,1,,,30,2,,,,ec,
05290,ben2,,,659,HM MR,,30,2,,,,ec,
06000,ber1,bart2,,162,HM MR,,20,,,,,muc,
53000,ber1,bart2,,1,HM MR,,20,,,,,muc,
06000,ber2,bart2,,406,HM MR,,150,2.5,,,,cc,
06000,ber3,b1,,302,HM MR,,20,,,,,muc,
06000,ber3,b2,,32,HM MR,,20,,,,,muc,
06000,ber4,bart2,,26,HM MR,,20,,,,,muc,
06000,ber4,brt1,,16,HM MR,,20,,,,,muc,
06000,ber5,brt1,,96,HM MR,,20,,,,,muc,
06000,ber6,b1,,58,HM MR,,20,,,,,muc,
06000,ber6,bart2,,138,HM MR,,20,,,,,muc,
09066,bur1,b3,,741,HM MR,,75,,,,,ttc,
09066,bur1,bart3a,,74,HM MR,,75,,,,,ttc,
47486,bur1,bart3a,,1,HM MR,,75,,,,,ttc,
09066,bur1,brt2,,3419,HM MR,,75,,,,,ttc,
33798,bur1,brt2,,5,HM MR,,75,,,,,ttc,
09066,bur1,cr3,,13,HM MR,,75,,,,,ttc,
09066,bur1,cr4,,58,HM MR,,75,,,,,ttc,
10345,cam1,lrt3,,591,HM MR,,50,,,,,tn,
00013,ccc1,bart3a,,150,HM MR,,20,,,,,muc,
00013,ccc2,b3,,359,HM MR,,50,,,,,tn,
60620,ccc2,b3,,1,HM MR,,50,,,,,tn,
00013,ccc2,,,867,HM MR,,50,,,,,tn,
60620,ccc2,,,39,HM MR,,50,,,,,tn,
00013,ccc3_a,b2,,395,HM MR,,50,,,,,tn,
00013,ccc3_a,b3,,16,HM MR,,50,,,,,tn,
00013,ccc3_a,bart3a,,267,HM MR,,50,,,,,tn,
57456,ccc3_a,bart3a,,5,HM MR,,50,,,,,tn,
00013,ccc3_b,bart3a,,2,HM MR,,75,,,,,ttc,
57456,ccc3_b,bart3a,,10,HM MR,,75,,,,,ttc,
00013,ccc4,b3,,78,HM MR,,20,,,,,muc,
00013,ccc4,,,237,HM MR,,20,,,,,muc,
17918,ccg1_a,b1,,380,HM MR,,20,,,,,muc,
00081,ccg1_a,bart1,,5,HM MR,,20,,,,,muc,
17918,ccg1_a,bart1,,886,HM MR,,20,,,,,muc,
67000,ccg1_a,bart1,,7,HM MR,,20,,,,,muc,
00081,ccg1_a,bart2,ubz,23,HM MR,,20,,,,,muc,
17918,ccg1_a,bart2,,453,HM MR,,20,,,,,muc,
17918,ccg1_a,brt2,,1411,HM MR,,20,,,,,muc,
17918,ccg1_a,lrt2,,138,HM MR,,20,,,,,muc,
67000,ccg1_a,lrt2,,3,HM MR,,20,,,,,muc,
14736,ccg1_b,b1,,31,HM MR,,20,,,,,muc,
14736,ccg1_b,b2,,44,HM MR,,20,,,,,muc,
00081,ccg1_b,bart2,ubz,1,HM MR,,20,,,,,muc,
14736,ccg1_b,bart2,,241,HM MR,,20,,,,,muc,
73262,ccg1_b,brt2,,1,HM MR,,20,,,,,muc,
14736,ccg1_c,b2,,4,HM MR,,20,,,,,muc,
73262,ccg1_c,b2,,276,HM MR,,20,,,,,muc,
73262,ccg1_c,b3,,10,HM MR,,20,,,,,muc,
14736,ccg1_c,bart2,,64,HM MR,,20,,,,,muc,
65028,ccg1_c,bart2,,2,HM MR,,20,,,,,muc,
73262,ccg1_c,bart2,,1044,HM MR,,20,,,,,muc,
73262,ccg1_c,brt2,,1628,HM MR,,20,,,,,muc,
73262,ccg1_c,,,24,HM MR,,20,,,,,muc,
65028,ccg1_d,b3,,6,HM MR,,20,,,,,muc,
65028,ccg1_d,bart2,,2,HM MR,,20,,,,,muc,
47486,ccg1_d,brt2,,5,HM MR,,20,,,,,muc,
65028,ccg1_d,brt2,,1109,HM MR,,20,,,,,muc,
47486,ccg1_d,,,1,HM MR,,20,,,,,muc,
65028,ccg1_d,,,2,HM MR,,20,,,,,muc,
47486,ccg1_e,b3,,217,HM MR,,20,,,,,muc,
47486,ccg1_e,bart3a,,675,HM MR,,20,,,,,muc,
47486,ccg1_e,brt2,,600,HM MR,,20,,,,,muc,
68252,ccg1_f,b2,,516,HM MR,,20,,,,,muc,
68252,ccg1_f,b3,,122,HM MR,,20,,,,,muc,
68252,ccg1_f,brt2,,4671,HM MR,,20,,,,,muc,
68252,ccg1_f,cr3,,780,HM MR,,20,,,,,muc,
68252,ccg1_f,cr4,,10,HM MR,,20,,,,,muc,
65070,ccg1_h,b2,,912,HM MR,,20,,,,,muc,
65070,ccg1_h,b3,,202,HM MR,,20,,,,,muc,
00081,ccg1_h,brt2,ubz,4,HM MR,,20,,,,,muc,
65070,ccg1_h,brt2,,1155,HM MR,,20,,,,,muc,
60102,ccg1_i,b2,,428,HM MR,,20,,,,,muc,
00081,ccg1_i,b3,,6,HM MR,,20,,,,,muc,
60102,ccg1_i,b3,,555,HM MR,,20,,,,,muc,
60102,ccg1_i,brt2,,851,HM MR,,20,,,,,muc,
60102,ccg1_i,,,1,HM MR,,20,,,,,muc,
46870,ccg1_j,b2,,39,HM MR,,20,,,,,muc,
46870,ccg1_j,b3,,74,HM MR,,20,,,,,muc,
46870,ccg1_j,brt2,,1018,HM MR,,20,,,,,muc,
46870,ccg1_j,cr3,,31,HM MR,,20,,,,,muc,
46870,ccg1_j,cr4,,1,HM MR,,20,,,,,muc,
00081,ccg1_k,bart2,ubz,51,HM MR,,20,,,,,muc,
00081,ccg1_k,bart2,,16,HM MR,,20,,,,,muc,
00081,ccg1_l,b3,,16,HM MR,,20,,,,,muc,
00081,ccg1_l,brt2,,71,HM MR,,20,,,,,muc,
00081,ccg1_l,,,2156,HM MR,,20,,,,,muc,
03092,ccg1_l,,,1,HM MR,,20,,,,,muc,
60102,ccg1_l,,,8,HM MR,,20,,,,,muc,
00081,ccg1_m,b2,ubz,8,HM MR,,20,,,,,muc,
65028,ccg1_m,b3,,1,HM MR,,20,,,,,muc,
65028,ccg1_m,bart2,,1,HM MR,,20,,,,,muc,
00081,ccg1_m,brt2,ubz,50,HM MR,,20,,,,,muc,
00081,ccg1_m,brt2,,1,HM MR,,20,,,,,muc,
05108,ccg1_m,brt2,,1,HM MR,,20,,,,,muc,
73262,ccg1_m,brt2,,29,HM MR,,20,,,,,muc,
00097,clo1,,ubz,9,HM MR,,75,,,,,ttc,
14190,clo1,,,822,HM MR,,75,,,,,ttc,
16000,con1_a,bart3a,,3,HM MR,,100,,,,,sc,
16000,con1_a,,,17,HM MR,,100,,,,,sc,
16000,con1_b,,,14,HM MR,,50,,,,,tn,
16000,con2,b2,,421,HM MR,,150,2.5,,,,cc,
16000,con2,bart3a,,555,HM MR,,150,2.5,,,,cc,
16000,con2,,,114,HM MR,,150,2.5,,,,cc,
16560,cot1,cr4,,123,HM MR,,75,,,,,ttc,
16560,cot1,,,251,HM MR,,75,,,,,ttc,
17918,dal1,b2,,1,HM MR,,20,,,,,muc,
00081,dal1,brt1,,3,HM MR,,20,,,,,muc,
08310,dal1,brt1,,1,HM MR,,20,,,,,muc,
17918,dal1,brt1,,1205,HM MR,,20,,,,,muc,
00081,dal1,lrt2,,2,HM MR,,20,,,,,muc,
17918,dal1,lrt2,,167,HM MR,,20,,,,,muc,
00081,dal1,,ubz,1,HM MR,,20,,,,,muc,
17918,dal1,,,106,HM MR,,20,,,,,muc,
00081,dal2,bart1,,2,HM MR,,75,,,,,ttc,
17918,dal2,bart1,,439,HM MR,,75,,,,,ttc,
17918,dal2,bart2,,105,HM MR,,75,,,,,ttc,
17918,dal2,brt2,,105,HM MR,,75,,,,,ttc,
00081,dal2,lrt2,,1,HM MR,,75,,,,,ttc,
17918,dal2,lrt2,,146,HM MR,,75,,,,,ttc,
67000,dal2,lrt2,,9,HM MR,,75,,,,,ttc,
19402,dix1,,,556,HM MR,,37.5,,,,,rtc,
20018,dub1,bart3a,,58,HM MR,,100,2.5,,,,sc,
20018,dub1,,,203,HM MR,,100,2.5,,,,sc,
20018,dub2,bart3a,,19,HM MR,,30,2.5,,,,sc,lower duaup bc huge parcel
20018,dub2,,,1,HM MR,,30,2.5,,,,sc,
20018,dub3,b2,,1056,HM MR,,100,,,,,sc,
20018,dub3,,,160,HM MR,,100,,,,,sc,
21796,elc1_a,b1,,7,HM MR,,20,,,,,muc,
60620,elc1_a,b1,,6,HM MR,,20,,,,,muc,
21796,elc1_a,b2,,10,HM MR,,20,,,,,muc,
21796,elc1_a,bart2,,159,HM MR,,20,,,,,muc,
60620,elc1_a,bart2,,11,HM MR,,20,,,,,muc,
21796,elc1_b,b2,,76,HM MR,,20,,,,,muc,
60620,elc1_b,b2,,23,HM MR,,20,,,,,muc,
21796,elc1_b,bart2,,219,HM MR,,20,,,,,muc,
60620,elc1_b,bart2,,2,HM MR,,20,,,,,muc,
22594,eme1,b1,,563,HM MR,,150,2.5,,,,cc,
53000,eme1,b1,,16,HM MR,,150,2.5,,,,cc,
22594,eme1,b2,,14,HM MR,,150,2.5,,,,cc,
20956,epa1,b3,,513,HM MR,,75,,,,,ttc,
00081,epa1,,,1,HM MR,,75,,,,,ttc,
20956,epa1,,,340,HM MR,,75,,,,,ttc,
46870,epa1,,,4,HM MR,,75,,,,,ttc,
23182,fai1,b2,,6,HM MR,,100,,,,,sc,
00095,fai1,b3,ubz,3,HM MR,,100,,,,,sc,
00095,fai1,b3,,1,HM MR,,100,,,,,sc,
23182,fai1,b3,,640,HM MR,,100,,,,,sc,
75630,fai1,b3,,1,HM MR,,100,,,,,sc,
00095,fai1,,ubz,14,HM MR,,100,,,,,sc,
00095,fai1,,,1,HM MR,,100,,,,,sc,
23182,fai1,,,67,HM MR,,100,,,,,sc,
00095,fai2,,ubz,115,HM MR,,35,,,,,ttc,changed
00095,fai2,,,33,HM MR,,35,,,,,ttc,
23182,fai2,,,244,HM MR,,35,,,,,ttc,
23182,fai3,b2,,252,HM MR,,20,,,,,muc,
23182,fai3,,,139,HM MR,,20,,,,,muc,
00095,fai4,b3,ubz,2,HM MR,,20,,,,,muc,
00095,fai4,b3,,5,HM MR,,20,,,,,muc,
23182,fai4,b3,,431,HM MR,,20,,,,,muc,
23182,fai4,,,124,HM MR,,20,,,,,muc,
26000,fre1,b2,,1036,HM MR,,50,,,,,tn,
26000,fre1,b3,,980,HM MR,,50,,,,,tn,
26000,fre1,brt2,,978,HM MR,,50,,,,,tn,
26000,fre1,brt3,,1415,HM MR,,50,,,,,tn,
26000,fre1,,,1189,HM MR,,50,,,,,tn,
26000,fre2,b1,,48,HM MR,,150,2.5,,,,cc,
26000,fre2,b2,,128,HM MR,,150,2.5,,,,cc,
26000,fre2,b3,,474,HM MR,,150,2.5,,,,cc,
26000,fre2,bart2,,956,HM MR,,150,2.5,,,,cc,
26000,fre2,brt3,,11,HM MR,,150,2.5,,,,cc,
26000,fre2,,,276,HM MR,,150,2.5,,,,cc,
26000,fre3,b1,,10,HM MR,,75,,,,,ttc,
26000,fre3,b2,,223,HM MR,,75,,,,,ttc,
26000,fre3,b3,,1086,HM MR,,75,,,,,ttc,
26000,fre3,bart2,,1439,HM MR,,75,,,,,ttc,
26000,fre3,,,885,HM MR,,75,,,,,ttc,
26000,fre4,b3,,590,HM MR,,100,,,,,sc,
26000,fre4,bart2,,74,HM MR,,100,,,,,sc,
26000,fre4,,,782,HM MR,,100,,,,,sc,
29504,gil1,b2,,527,HM MR,,75,,,,,ttc,
29504,gil1,,,12,HM MR,,75,,,,,ttc,
33000,hay1,b2,,136,HM MR,,50,,,,,tn,
33000,hay1,b3,,180,HM MR,,50,,,,,tn,
33000,hay1,bart2,,44,HM MR,,50,,,,,tn,
33000,hay2,b1,,153,HM MR,,150,2.5,,,,cc,
33000,hay2,b2,,13,HM MR,,150,2.5,,,,cc,
33000,hay2,bart2,,777,HM MR,,150,2.5,,,,cc,
33000,hay3_a,b2,,10,HM MR,,20,,,,,muc,
33000,hay3_a,b3,,15,HM MR,,20,,,,,muc,
33000,hay3_a,,,7,HM MR,,20,,,,,muc,
33000,hay3_b,b2,,16,HM MR,,100,,,,,un,
33000,hay3_b,bart2,,179,HM MR,,100,,,,,un,
33000,hay3_b,,,48,HM MR,,100,,,,,un,
33000,hay4,b1,,28,HM MR,,20,,,,,muc,
33000,hay4,b2,,87,HM MR,,20,,,,,muc,
33000,hay4,b3,,260,HM MR,,20,,,,,muc,
33000,hay4,bart2,,114,HM MR,,20,,,,,muc,
33000,hay4,,,15,HM MR,,20,,,,,muc,
33308,her1,b1,,15,HM MR,,50,,,,,tn,
33308,her1,b2,,1,HM MR,,50,,,,,tn,
00013,her1,,,1,HM MR,,50,,,,,tn,
33308,her1,,,18,HM MR,,50,,,,,tn,
33308,her2,b1,,364,HM MR,,75,,,,,ttc,
33308,her2,b2,,1,HM MR,,75,,,,,ttc,
33308,her2,b3,,168,HM MR,,75,,,,,ttc,
33308,her2,,,166,HM MR,,75,,,,,ttc,
39122,laf1,bart3b,,454,HM MR,,75,,,,,ttc,
39122,laf1,,,304,HM MR,,75,,,,,ttc,
41992,liv1,b2,,487,HM MR,,100,,,,,sc,
41992,liv1,b3,,11,HM MR,,100,,,,,sc,
41992,liv1,,,2,HM MR,,100,,,,,sc,
00001,liv2,,exp1,10,HM MR,,100,,,,,sc,
00001,liv2,,ubz,11,HM MR,,100,,,,,sc,
00001,liv2,,,9,HM MR,,100,,,,,sc,
41992,liv2,,exp1,3,HM MR,,100,,,,,sc,
41992,liv2,,,268,HM MR,,100,,,,,sc,
00001,liv3,,ubz,3,HM MR,,100,,,,,sc,
00001,liv3,,,1,HM MR,,100,,,,,sc,
41992,liv3,,,528,HM MR,,100,,,,,sc,
46114,mar1,b2,,9,HM MR,,50,,,,,tn,
46114,mar1,b3,,583,HM MR,,50,,,,,tn,
00041,mco1,b2,,1650,HM MR,,50,,,,,tn,
00041,mco1,b3,,77,HM MR,,50,,,,,tn,
47710,mco1,b3,,1,HM MR,,50,,,,,tn,
00041,mco1,cr4,,60,HM MR,,50,,,,,tn,
68364,mco1,cr4,,1,HM MR,,50,,,,,tn,
00041,mco1,,,1093,HM MR,,50,,,,,tn,
16462,mco1,,,11,HM MR,,50,,,,,tn,
46870,men1,b2,,1,HM MR,,75,,,,,ttc,
46870,men1,b3,,5,HM MR,,75,,,,,ttc,
46870,men1,brt2,,415,HM MR,,75,,,,,ttc,
47486,mil1,bart3a,,200,HM MR,,20,,,,,muc,
49278,moh1,b2,,280,HM MR,,75,,,,,ttc,
49278,moh1,b3,,32,HM MR,,75,,,,,ttc,
49187,mor1,,,102,HM MR,,75,,,,,ttc,
47766,mpt1,bart2,,110,HM MR,,100,,,,,sc,
47766,mpt1,lrt3,,6,HM MR,,100,,,,,sc,
49670,mvw1,lrt3,,750,HM MR,,50,,,,,tn,
00085,mvw2,cr3,ubz,2,HM MR,,75,,,,,ttc,
49670,mvw2,cr3,,1963,HM MR,,75,,,,,ttc,
49670,mvw2,lrt3,,621,HM MR,,75,,,,,ttc,
49670,mvw3,b1,,181,HM MR,,75,,,,,ttc,
49670,mvw3,b2,,925,HM MR,,75,,,,,ttc,
49670,mvw3,b3,,284,HM MR,,75,,,,,ttc,
55282,mvw3,b3,,1,HM MR,,75,,,,,ttc,
49670,mvw3,brt2,,549,HM MR,,75,,,,,ttc,
49670,mvw4,b1,,108,HM MR,,20,,,,,muc,
49670,mvw4,b2,,561,HM MR,,20,,,,,muc,
49670,mvw4,b3,,73,HM MR,,20,,,,,muc,
49670,mvw4,brt2,,558,HM MR,,20,,,,,muc,
49670,mvw4,lrt3,,1953,HM MR,,20,,,,,muc,
49670,mvw5,lrt3,,675,,,30,4,,,,ec,
77000,mvw5,lrt3,,1,,,30,4,,,,ec,
49670,mvw6,,,158,HM MR,,100,,,,,sc,
50258,nap1,b3,,565,HM MR,,37.5,,,,,rtc,
50258,nap2,b3,,223,HM MR,,37.5,,,,,rurc,
50258,nap2,,exp1_low,1,,,37.5,,,,,rurc,
50258,nap2,,,138,HM MR,,37.5,,,,,rurc,
50916,new1,brt3,,21,HM MR,,75,,,,,ttc,
50916,new1,,,7,HM MR,,75,,,,,ttc,
50916,new2,b3,,5,HM MR,,50,,,,,tn,
50916,new2,,,166,HM MR,,50,,,,,tn,
53070,oak1,b2,,28,HM MR,,100,,,,,sc,
00013,oak1,,,2,HM MR,,100,,,,,sc,
53070,oak1,,exp1,1,HM MR,,100,,,,,sc,
53070,oak1,,,128,HM MR,,100,,,,,sc,
53070,oak2,b3,,276,HM MR,,75,,,,,ttc,
53070,oak2,,,8,HM MR,,75,,,,,ttc,
53070,oak3,b3,,184,HM MR,,50,,,,,tn,
53070,oak3,,,79,HM MR,,50,,,,,tn,
53000,okd1,b1,,2622,HM MR,,20,,,,,muc,
06000,okd1,b2,,5,HM MR,,20,,,,,muc,
53000,okd1,b2,,4773,HM MR,,20,,,,,muc,
53000,okd1,b3,,104,HM MR,,20,,,,,muc,
53000,okd1,bart1,,690,HM MR,,20,,,,,muc,
06000,okd1,bart2,,38,HM MR,,20,,,,,muc,
53000,okd1,bart2,,721,HM MR,,20,,,,,muc,
06000,okd1,bart3a,,4,HM MR,,20,,,,,muc,
53000,okd1,bart3a,,2685,HM MR,,20,,,,,muc,
00001,okd1,brt1,,5,HM MR,,20,,,,,muc,
53000,okd1,brt1,,14180,HM MR,,20,,,,,muc,
68084,okd1,brt1,,1,HM MR,,20,,,,,muc,
53000,okd1,brt2,,40,HM MR,,20,,,,,muc,
53000,okd1,brt3,,9398,HM MR,,20,,,,,muc,
06000,okd1,,,8,HM MR,,20,,,,,muc,
53000,okd1,,,1146,HM MR,,20,,,,,muc,
68084,okd1,,,1,HM MR,,20,,,,,muc,
53000,okd2,b1,,27,HM MR,,75,,,,,ttc,
53000,okd2,b2,,70,HM MR,,75,,,,,ttc,
53000,okd2,b3,,1,HM MR,,75,,,,,ttc,
53000,okd2,bart1,,770,HM MR,,75,,,,,ttc,
53000,okd2,brt1,,1254,HM MR,,75,,,,,ttc,
00001,okd2,,ubz,1,HM MR,,75,,,,,ttc,
00001,okd2,,,1,HM MR,,75,,,,,ttc,
53000,okd2,,,18,HM MR,,75,,,,,ttc,
00001,okd3,b1,,1,HM MR,,300,5,,,,rc,
53000,okd3,b1,,66,HM MR,,300,5,,,,rc,
00001,okd3,b2,,1,HM MR,,300,5,,,,rc,
53000,okd3,b2,,7,HM MR,,300,5,,,,rc,
53000,okd3,b3,,1,HM MR,,300,5,,,,rc,
53000,okd3,bart1,,1273,HM MR,,300,5,,,,rc,
53000,okd3,brt1,,95,HM MR,,300,5,,,,rc,
53000,okd3,brt2,,33,HM MR,,300,5,,,,rc,
00001,okd3,,,1,HM MR,,300,5,,,,rc,
53000,okd4,b1,,224,HM MR,,100,,,,,un,
53000,okd4,b2,,778,HM MR,,100,,,,,un,
53000,okd4,brt1,,290,HM MR,,100,,,,,un,
53000,okd4,brt3,,1453,HM MR,,100,,,,,un,
53000,okd5,b1,,989,HM MR,,100,,,,,un,
53000,okd5,b2,,106,HM MR,,100,,,,,un,
53000,okd5,bart1,,1496,HM MR,,100,,,,,un,
53000,okd5,brt1,,3195,HM MR,,100,,,,,un,
53000,okd5,brt3,,952,HM MR,,100,,,,,un,
00001,okd5,,,1,HM MR,,100,,,,,un,
53000,okd5,,,13,HM MR,,100,,,,,un,
22594,okd6,b1,,15,HM MR,,100,,,,,un,
53000,okd6,b1,,397,HM MR,,100,,,,,un,
53000,okd6,b2,,256,HM MR,,100,,,,,un,
53000,okd6,bart1,,2139,HM MR,,100,,,,,un,
53000,okd6,brt1,,1129,HM MR,,100,,,,,un,
53000,okd7,b1,,804,HM MR,,75,,,,,ttc,
53000,okd7,b2,,99,HM MR,,75,,,,,ttc,
53000,okd7,b3,,228,HM MR,,75,,,,,ttc,
53000,okd7,bart1,,1515,HM MR,,75,,,,,ttc,
53000,okd7,brt1,,912,HM MR,,75,,,,,ttc,
53000,okd7,brt3,,1915,HM MR,,75,,,,,ttc,
53000,okd7,,,1,HM MR,,75,,,,,ttc,
54232,ori1,bart3b,,117,HM MR,,75,,,,,ttc,plus bart parking lot no parcel
54232,ori1,,,16,HM MR,,75,,,,,ttc,
55282,pal1,brt2,,528,HM MR,,50,,,,,tn,
55282,pal1,brt3,,3,HM MR,,50,,,,,tn,
56784,pet1,b3,,1,HM MR,,100,,,,,sc,
00097,pet1,cr4,,10,HM MR,,100,,,,,sc,
56784,pet1,cr4,,563,HM MR,,100,,,,,sc,
00097,pet1,,,4,HM MR,,100,,,,,sc,
56784,pet1,,,48,HM MR,,100,,,,,sc,
57288,pin1,b2,,327,HM MR,,20,,,,,muc,
57288,pin1,b3,,74,HM MR,,20,,,,,muc,
57288,pin1,,,8,HM MR,,20,,,,,muc,
57288,pin2,b2,,7,HM MR,,20,,,,,muc,
57288,pin2,b3,,117,HM MR,,20,,,,,muc,
57288,pin2,,,15,HM MR,,20,,,,,muc,
57456,pit1,b2,,660,HM MR,,75,,,,,ttc,
57456,pit1,b3,,27,HM MR,,75,,,,,ttc,
57456,pit1,bart3a,,1250,HM MR,,75,,,,,ttc,
57456,pit1,,,845,HM MR,,75,,,,,ttc,
00013,pit2,,ubz,16,HM MR,,50,,,,,tn,
00013,pit2,,,15,HM MR,,50,,,,,tn,
57456,pit2,,,1637,HM MR,,50,,,,,tn,
57792,ple1,b2,,731,HM MR,,100,2.5,,,,sc,
57792,ple1,b3,,2,HM MR,,100,2.5,,,,sc,
57792,ple1,bart3a,,35,HM MR,,100,2.5,,,,sc,
57792,ple1,,,32,HM MR,,100,2.5,,,,sc,
57764,plh1,b2,,17,HM MR,,50,,,,,tn,
57764,plh1,b3,,7,HM MR,,50,,,,,tn,
57764,plh2,bart3a,,15,HM MR,,20,,,,,muc,
57764,plh2,,,451,HM MR,,20,,,,,muc,
60620,ric1_a,b1,,194,HM MR,,150,2.5,,,,cc,
60620,ric1_a,b2,,1197,HM MR,,150,2.5,,,,cc,
60620,ric1_a,b3,,163,HM MR,,150,2.5,,,,cc,
60620,ric1_a,bart2,,1539,HM MR,,150,2.5,,,,cc,
60620,ric1_a,,,282,HM MR,,150,2.5,,,,cc,
60620,ric1_b,b2,,32,HM MR,,20,,,,,muc,
60620,ric1_b,bart2,,55,HM MR,,20,,,,,muc,
60620,ric1_b,,,137,HM MR,,20,,,,,muc,
60620,ric2,b2,,262,HM MR,,50,,,,,tn,
60620,ric2,b3,,992,HM MR,,50,,,,,tn,
60620,ric2,bart2,,200,HM MR,,50,,,,,tn,
00013,ric2,,,1,HM MR,,50,,,,,tn,
60620,ric2,,,1676,HM MR,,50,,,,,tn,
62546,roh1,,,7,HM MR,,100,,,,,sc,
62546,roh2,b3,,108,HM MR,,75,,,,,ttc,
62546,roh2,cr4,,501,HM MR,,75,,,,,ttc,
62546,roh2,,,58,HM MR,,75,,,,,ttc,
60984,rvi1,,,386,HM MR,,37.5,,,,,rtc,
60102,rwc1,b2,,6,HM MR,,150,2.5,,,,cc,
60102,rwc1,brt2,,380,HM MR,,150,2.5,,,,cc,
60102,rwc1,cr4,,6,HM MR,,150,2.5,,,,cc,
60102,rwc2,b2,,20,HM MR,,20,,,,,muc,
60102,rwc2,b3,,43,HM MR,,20,,,,,muc,
60102,rwc2,brt2,,3,HM MR,,20,,,,,muc,
60102,rwc2,cr4,,25,HM MR,,20,,,,,muc,
00081,rwc2,,,1,HM MR,,20,,,,,muc,
60102,rwc2,,,196,HM MR,,20,,,,,muc,
68378,sar1,b2,,4,HM MR,,100,2.5,,,,sc,
68378,sar1,b3,,130,HM MR,,100,2.5,,,,sc,
68378,sar1,,,6,HM MR,,100,2.5,,,,sc,
68378,sar2,b2,,107,HM MR,,75,,,,,ttc,
65028,sbr1,b3,,54,HM MR,,20,,,,,muc,
65028,sbr1,bart2,,725,HM MR,,20,,,,,muc,
73262,sbr1,bart2,,1,HM MR,,20,,,,,muc,
65028,sbr1,brt2,,1607,HM MR,,20,,,,,muc,
65028,sbr1,cr4,,349,HM MR,,20,,,,,muc,
00081,sbr1,,ubz,1,HM MR,,20,,,,,muc,
65028,sbr1,,,78,HM MR,,20,,,,,muc,
65070,sca1,b2,,5,HM MR,,75,,,,,ttc,
65070,sca1,brt2,,135,HM MR,,75,,,,,ttc,
69084,scl1,b1,,56,HM MR,,20,,,,,muc,
69084,scl1,bart2,,1,HM MR,,20,,,,,muc,
69084,scl1,brt2,,259,HM MR,,20,,,,,muc,
69084,scl2,b1,,7,HM MR,,150,2.5,,,,cc,
68000,scl2,bart2,,1,HM MR,,150,2.5,,,,cc,
69084,scl2,bart2,,162,HM MR,,150,2.5,,,,cc,
69084,scl2,,,5,HM MR,,150,2.5,,,,cc,
00097,sco1,,exp1,3,HM MR,,37.5,,,,,rtc,
00097,sco1,,,444,HM MR,,37.5,,,,,rtc,
00097,sco2,,exp1,21,HM MR,,37.5,,,,,rtc,
00097,sco2,,,493,HM MR,,37.5,,,,,rtc,
00097,sco3,,ubz,4,HM MR,,37.5,,,,,rtc,
00097,sco3,,,428,HM MR,,37.5,,,,,rtc,
00097,sco4,,exp1,5,HM MR,,37.5,,,,,rtc,
00097,sco4,,,313,HM MR,,37.5,,,,,rtc,
00097,sco5,,exp1,10,HM MR,,37.5,,,,,rtc,
00097,sco5,,ubz,366,HM MR,,37.5,,,,,rtc,
00097,sco5,,,3308,HM MR,,37.5,,,,,rtc,
00097,sco7,,exp1,31,HM MR,,100,,,,,sc,
00097,sco7,,,772,HM MR,,100,,,,,sc,
00097,seb1,,exp1,4,HM MR,,37.5,,,,,rtc,
00097,seb1,,ubz,12,HM MR,,37.5,,,,,rtc,
00097,seb1,,,1,HM MR,,37.5,,,,,rtc,
70770,seb1,,exp1,11,HM MR,,37.5,,,,,rtc,
70770,seb1,,,1731,HM MR,,37.5,,,,,rtc,
67000,sfo1,b1,,1247,HM MR,,100,,,,,un,
67000,sfo1,b2,,63,HM MR,,100,,,,,un,
67000,sfo1,brt1,,656,HM MR,,100,,,,,un,
67000,sfo1,cr3,,13,HM MR,,100,,,,,un,
67000,sfo1,lrt2,,6952,HM MR,,100,,,,,un,
67000,sfo1,,,14,HM MR,,100,,,,,un,
67000,sfo10,bart1,,413,HM MR,,75,,,,,ttc,sfsu park merced
67000,sfo10,lrt1,,1639,HM MR,,75,,,,,ttc,
67000,sfo10,lrt2,,197,HM MR,,75,,,,,ttc,
67000,sfo11,bart1,,663,HM MR,,100,,,,,un,
67000,sfo11,brt1,,4,HM MR,,100,,,,,un,
67000,sfo11,lrt1,,1441,HM MR,,100,,,,,un,
00081,sfo12,b1,,2,HM MR,,20,,,,,muc,
67000,sfo12,b1,,684,HM MR,,20,,,,,muc,
67000,sfo12,bart1,,6710,HM MR,,20,,,,,muc,
67000,sfo12,brt1,,1128,HM MR,,20,,,,,muc,
67000,sfo12,lrt1,,2285,HM MR,,20,,,,,muc,
00081,sfo12,lrt2,,13,HM MR,,20,,,,,muc,
67000,sfo12,lrt2,,6992,HM MR,,20,,,,,muc,
67000,sfo2,bart1,,183,HM MR,,50,,,,,tn,
67000,sfo2,lrt2,,155,HM MR,,50,,,,,tn,
67000,sfo3,b1,,56,HM MR,,300,5,,,,rc,
67000,sfo3,bart1,,3154,HM MR,,300,5,,,,rc,
67000,sfo3,brt1,,1549,HM MR,,300,5,,,,rc,
67000,sfo3,cr3,,35,HM MR,,300,5,,,,rc,
67000,sfo3,lrt1,,685,HM MR,,300,5,,,,rc,
67000,sfo3,lrt2,,6912,HM MR,,300,5,,,,rc,
67000,sfo4,b1,,2795,HM MR,,100,,,,,un,
67000,sfo4,bart1,,4686,HM MR,,100,,,,,un,
67000,sfo4,brt1,,1,HM MR,,100,,,,,un,
67000,sfo4,cr3,,1746,HM MR,,100,,,,,un,
67000,sfo4,lrt1,,396,HM MR,,100,,,,,un,
67000,sfo4,lrt2,,118,HM MR,,100,,,,,un,
67000,sfo5,cr3,,6,HM MR,,100,,,,,un,
67000,sfo5,lrt1,,115,HM MR,,100,,,,,un,
67000,sfo5,lrt2,,66,HM MR,,100,,,,,un,
67000,sfo6,b2,,2,HM MR,,20,,,,,muc,
67000,sfo6,bart1,,15,HM MR,,20,,,,,muc,
67000,sfo6,lrt1,,29,HM MR,,20,,,,,muc,
67000,sfo6,lrt2,,53,HM MR,,20,,,,,muc,
67000,sfo7,bart1,,104,HM MR,,300,5,,,,rc,
67000,sfo8,brt3,,34,HM MR,,75,,,,,ttc,treasure island
67000,sfo8,,,42,HM MR,,75,,,,,ttc,
08310,sfo9_a,b2,,10,HM MR,,50,,,,,sc,sfbrisbane was zeroed out last time
08310,sfo9_a,b3,,40,HM MR,,50,,,,,sc,
08310,sfo9_a,brt1,,1,HM MR,,50,,,,,sc,
08310,sfo9_a,lrt2,,15,HM MR,,50,,,,,sc,
08310,sfo9_a,,,31,HM MR,,50,,,,,sc,
67000,sfo9_b,brt1,,25,HM MR,,50,,,,,tn,
00081,sfo9_b,lrt2,,4,HM MR,,50,,,,,tn,
08310,sfo9_b,lrt2,,1,HM MR,,50,,,,,tn,
17918,sfo9_b,lrt2,,1,HM MR,,50,,,,,tn,
67000,sfo9_b,lrt2,,1431,HM MR,,50,,,,,tn,
68000,sjo1,bart2,,1621,HM MR,,300,5,,,,rc,
68000,sjo1,cr3,,3,HM MR,,300,5,,,,rc,
68000,sjo1,lrt2,,336,HM MR,,300,5,,,,rc,
68000,sjo1,lrt3,,5,HM MR,,300,5,,,,rc,
68000,sjo10,lrt2,,35,HM MR,,100,,,,,sc,
68000,sjo10,lrt3,,258,HM MR,,100,,,,,sc,
68000,sjo11,b1,,89,HM MR,,100,,,,,sc,
68000,sjo11,b2,,86,HM MR,,100,,,,,sc,
68000,sjo11,brt1,,2,HM MR,,100,,,,,sc,
68000,sjo11,lrt3,,3,HM MR,,100,,,,,sc,
68000,sjo12,b2,,88,HM MR,,20,,,,,muc,
68000,sjo12,b3,,52,HM MR,,20,,,,,muc,
68000,sjo12,brt2,,12,HM MR,,20,,,,,muc,
68000,sjo13,b2,,1,HM MR,,20,,,,,muc,
68000,sjo13,b3,,623,HM MR,,20,,,,,muc,
68000,sjo13,brt2,,1,HM MR,,20,,,,,muc,
68000,sjo13,lrt3,,237,HM MR,,20,,,,,muc,
68000,sjo13,,,35,HM MR,,20,,,,,muc,
00085,sjo14,lrt3,,12,HM MR,,20,,,,,muc,
68000,sjo14,lrt3,,258,HM MR,,20,,,,,muc,
68000,sjo15,b2,,1,HM MR,,20,,,,,muc,
00085,sjo15,lrt3,ubz,10,HM MR,,20,,,,,muc,
10345,sjo15,lrt3,,3,HM MR,,20,,,,,muc,
68000,sjo15,lrt3,,447,HM MR,,20,,,,,muc,
68000,sjo16,b2,,3,HM MR,,20,,,,,muc,
00085,sjo16,b3,,6,HM MR,,20,,,,,muc,
68000,sjo16,b3,,35,HM MR,,20,,,,,muc,
68000,sjo16,,,51,HM MR,,20,,,,,muc,
68000,sjo17,lrt3,,61,HM MR,,20,,,,,muc,
00085,sjo18,lrt3,ubz,3,HM MR,,20,,,,,muc,
68000,sjo18,lrt3,,114,HM MR,,20,,,,,muc,
68000,sjo19,b2,,169,HM MR,,100,,,,,sc,
68000,sjo2,lrt3,,10,HM MR,,100,,,,,sc,
68000,sjo20,b3,,9,,,30,4,,,,ec,shares big parcel w 2
68000,sjo20,lrt3,,174,,,30,4,,,,ec,
68000,sjo21,b2,,10,,,30,4,,,,ec,
68000,sjo21,b3,,49,,,30,4,,,,ec,
68000,sjo21,bart2,,6,,,30,4,,,,ec,
68000,sjo21,lrt3,,386,,,30,4,,,,ec,
68000,sjo21,,,3,,,30,4,,,,ec,
68000,sjo3,b2,,1,HM MR,,300,5,,,,rc,
68000,sjo3,b3,,889,HM MR,,300,5,,,,rc,
68000,sjo3,lrt2,,1476,HM MR,,300,5,,,,rc,
69084,sjo3,lrt2,,1,HM MR,,300,5,,,,rc,
68000,sjo3,lrt3,,1342,HM MR,,300,5,,,,rc,
68000,sjo3,,,500,HM MR,,300,5,,,,rc,
68000,sjo4,b1,,779,HM MR,,150,2.5,,,,cc,
68000,sjo4,b2,,233,HM MR,,150,2.5,,,,cc,
68000,sjo4,b3,,214,HM MR,,150,2.5,,,,cc,
68000,sjo4,bart2,,1189,HM MR,,150,2.5,,,,cc,
68000,sjo4,brt1,,711,HM MR,,150,2.5,,,,cc,
68000,sjo4,brt2,,8,HM MR,,150,2.5,,,,cc,
68000,sjo4,cr3,,49,HM MR,,150,2.5,,,,cc,
68000,sjo4,lrt2,,2565,HM MR,,150,2.5,,,,cc,
68000,sjo4,lrt3,,3095,HM MR,,150,2.5,,,,cc,
68000,sjo5,b2,,5,HM MR,,50,,,,,tn,
68000,sjo5,b3,,58,HM MR,,50,,,,,tn,
68000,sjo5,bart2,,1302,HM MR,,50,,,,,tn,
68000,sjo5,brt2,,2,HM MR,,50,,,,,tn,
68000,sjo5,lrt3,,63,HM MR,,50,,,,,tn,
68000,sjo5,,,22,HM MR,,50,,,,,tn,
00085,sjo6,b1,ubz,3,HM MR,,45,,,,,ttc,
68000,sjo6,b1,,392,HM MR,,45,,,,,ttc,
00085,sjo6,b2,ubz,6,HM MR,,45,,,,,ttc,
68000,sjo6,b2,,619,HM MR,,45,,,,,ttc,
00085,sjo6,lrt3,ubz,14,HM MR,,45,,,,,ttc,
68000,sjo6,lrt3,,2581,HM MR,,45,,,,,ttc,
68000,sjo7,bart2,,334,HM MR,,20,,,,,muc,
00085,sjo7,brt2,,284,HM MR,,20,,,,,muc,
68000,sjo7,brt2,,248,HM MR,,20,,,,,muc,
68000,sjo7,cr3,,17,HM MR,,20,,,,,muc,
00085,sjo7,lrt3,,88,HM MR,,20,,,,,muc,
10345,sjo7,lrt3,,4,HM MR,,20,,,,,muc,
68000,sjo7,lrt3,,3464,HM MR,,20,,,,,muc,
68000,sjo8,b1,,27,HM MR,,20,,,,,muc,
68000,sjo8,b2,,1,HM MR,,20,,,,,muc,
68000,sjo8,b3,,63,HM MR,,20,,,,,muc,
68000,sjo8,bart2,,1804,HM MR,,20,,,,,muc,
00085,sjo8,brt1,,4,HM MR,,20,,,,,muc,
68000,sjo8,brt1,,1279,HM MR,,20,,,,,muc,
68000,sjo8,brt2,,69,HM MR,,20,,,,,muc,
68000,sjo9,b3,,197,HM MR,,20,,,,,muc,
68000,sjo9,brt2,,423,HM MR,,20,,,,,muc,
68084,sle1,b1,,28,HM MR,,75,,,,,ttc,
00001,sle1,bart1,,11,HM MR,,75,,,,,ttc,
68084,sle1,bart1,,76,HM MR,,75,,,,,ttc,
68084,sle2,b1,,61,HM MR,,20,,,,,muc,
68084,sle2,b2,,255,HM MR,,20,,,,,muc,
68084,sle2,bart1,,74,HM MR,,20,,,,,muc,
68084,sle2,brt1,,90,HM MR,,20,,,,,muc,
68084,sle3,b2,,12,HM MR,,150,2.5,,,,cc,
68084,sle3,b3,,1,HM MR,,150,2.5,,,,cc,
68084,sle3,bart1,,763,HM MR,,150,2.5,,,,cc,
68084,sle3,brt1,,910,HM MR,,150,2.5,,,,cc,
68252,sma1,brt2,,381,HM MR,,150,2.5,,,,cc,
68252,sma2,b3,,13,HM MR,,50,,,,,tn,
68252,sma2,brt2,,426,HM MR,,50,,,,,tn,
68252,sma2,cr3,,21,HM MR,,50,,,,,tn,
68252,sma2,,,27,HM MR,,50,,,,,tn,
68252,sma3,b2,,15,HM MR,,20,,,,,muc,
68252,sma3,b3,,7,HM MR,,20,,,,,muc,
68252,sma3,brt2,,99,HM MR,,20,,,,,muc,
68252,sma3,cr3,,41,HM MR,,20,,,,,muc,
00081,smc1,,,5539,HM MR,,37.5,,,,,rurc,
31708,smc1,,,79,HM MR,,37.5,,,,,rurc,
68294,spa1,b2,,812,HM MR,,20,,,,,muc,
68294,spa1,,,30,HM MR,,20,,,,,muc,
68294,spa2,b3,,99,,,30,4,,,,ec,
68294,spa2,,,6,,,30,4,,,,ec,
68364,sra1,b1,,1093,HM MR,,150,,,,,cc,
68364,sra1,b2,,131,HM MR,,150,,,,,cc,
00041,sra2,b3,,20,HM MR,,75,,,,,ttc,
68364,sra2,b3,,5,HM MR,,75,,,,,ttc,
00041,sra2,cr4,,8,HM MR,,75,,,,,ttc,
68364,sra2,cr4,,614,HM MR,,75,,,,,ttc,
68364,sra2,,,2,HM MR,,75,,,,,ttc,
70098,sro1,b1,,1168,HM MR,,150,,,,,cc,
00097,sro1,b2,ubz,78,HM MR,,150,,,,,cc,
00097,sro1,b2,,7,HM MR,,150,,,,,cc,
70098,sro1,b2,,403,HM MR,,150,,,,,cc,
70098,sro1,b3,,40,HM MR,,150,,,,,cc,
70098,sro1,cr4,,27,HM MR,,150,,,,,cc,
70098,sro2,b1,,1825,HM MR,,20,,,,,muc,
00097,sro2,b2,exp1,1,HM MR,,20,,,,,muc,
00097,sro2,b2,ubz,3,HM MR,,20,,,,,muc,
00097,sro2,b2,,37,HM MR,,20,,,,,muc,
70098,sro2,b2,exp1,1,HM MR,,20,,,,,muc,
70098,sro2,b2,,1010,HM MR,,20,,,,,muc,
00097,sro2,b3,ubz,2,HM MR,,20,,,,,muc,
00097,sro2,b3,,6,HM MR,,20,,,,,muc,
70098,sro2,b3,,155,HM MR,,20,,,,,muc,
00097,sro2,,exp1,4,HM MR,,20,,,,,muc,
00097,sro2,,ubz,36,HM MR,,20,,,,,muc,
00097,sro2,,,5,HM MR,,20,,,,,muc,
70098,sro2,,exp1,3,HM MR,,20,,,,,muc,
70098,sro2,,,210,HM MR,,20,,,,,muc,
70098,sro3,b1,,9,HM MR,,20,,,,,muc,
00097,sro3,b2,ubz,11,HM MR,,20,,,,,muc,
00097,sro3,b2,,62,HM MR,,20,,,,,muc,
70098,sro3,b2,,398,HM MR,,20,,,,,muc,
00097,sro3,b3,ubz,22,HM MR,,20,,,,,muc,
00097,sro3,b3,,365,HM MR,,20,,,,,muc,
70098,sro3,b3,,969,HM MR,,20,,,,,muc,
00097,sro3,,ubz,25,HM MR,,20,,,,,muc,
00097,sro3,,,4,HM MR,,20,,,,,muc,
70098,sro3,,exp1,1,HM MR,,20,,,,,muc,
70098,sro3,,,450,HM MR,,20,,,,,muc,
70098,sro4,b1,,55,HM MR,,100,,,,,sc,
70098,sro4,b2,,879,HM MR,,100,,,,,sc,
00097,sro4,b3,ubz,25,HM MR,,100,,,,,sc,
00097,sro4,b3,,1,HM MR,,100,,,,,sc,
70098,sro4,b3,,326,HM MR,,100,,,,,sc,
00097,sro4,cr4,ubz,2,HM MR,,100,,,,,sc,
00097,sro4,cr4,,2,HM MR,,100,,,,,sc,
70098,sro4,cr4,,699,HM MR,,100,,,,,sc,
70098,sro4,,,45,HM MR,,100,,,,,sc,
00097,sro5,b2,,93,HM MR,,50,,,,,tn,
70098,sro5,b2,,65,HM MR,,50,,,,,tn,
00097,sro5,b3,,111,HM MR,,50,,,,,tn,
70098,sro5,b3,,422,HM MR,,50,,,,,tn,
00097,sro5,,ubz,49,HM MR,,50,,,,,tn,
00097,sro5,,,800,HM MR,,50,,,,,tn,
70098,sro5,,exp1,2,HM MR,,50,,,,,tn,
70098,sro5,,,1532,HM MR,,50,,,,,tn,
73262,ssf1,b2,,732,HM MR,,75,,,,,ttc,
75630,sui1,b3,,12,HM MR,,75,,,,,ttc,
00095,sui1,,,2,HM MR,,75,,,,,ttc,
75630,sui1,,,1117,HM MR,,75,,,,,ttc,
77000,sun1,b3,,14,HM MR,,50,,,,,tn,
77000,sun1,cr4,,532,HM MR,,50,,,,,tn,
77000,sun1,,,139,HM MR,,50,,,,,tn,
77000,sun2,b2,,440,HM MR,,75,,,,,ttc,
77000,sun2,brt2,,175,HM MR,,75,,,,,ttc,
77000,sun3,b1,,789,HM MR,,20,,,,,muc,
00085,sun3,b2,ubz,9,HM MR,,20,,,,,muc,
77000,sun3,b2,,1542,HM MR,,20,,,,,muc,
77000,sun3,b3,,73,HM MR,,20,,,,,muc,
49670,sun3,brt2,,15,HM MR,,20,,,,,muc,
69084,sun3,brt2,,7,HM MR,,20,,,,,muc,
77000,sun3,brt2,,1349,HM MR,,20,,,,,muc,
77000,sun3,lrt3,,34,HM MR,,20,,,,,muc,
77000,sun4,lrt3,,174,,,30,4,,,,ec,
77000,sun5,b2,,17,,,30,4,,,,ec,
77000,sun5,b3,,14,,,30,4,,,,ec,
77000,sun5,lrt3,,165,,,30,4,,,,ec,
77000,sun6,b3,,5,HM MR,,100,,,,,un,
77000,sun6,lrt3,,243,HM MR,,100,,,,,un,
77000,sun6,,,139,HM MR,,100,,,,,un,
69084,sun7,lrt3,,2,,,30,4,,,,ec,
77000,sun7,lrt3,,116,,,30,4,,,,ec,
77000,sun8,lrt3,,711,HM MR,,20,,,,,muc,
81204,uni1,b1,,19,HM MR,,150,2.5,,,,cc,
81204,uni1,b2,,5,HM MR,,150,2.5,,,,cc,
81204,uni1,bart2,,21,HM MR,,150,2.5,,,,cc,
81204,uni1,,,38,HM MR,,150,2.5,,,,cc,
81554,vac1,b2,,489,HM MR,,75,,,,,ttc,
81554,vac2,b3,,42,HM MR,,100,,,,,sc,
81554,vac2,,,33,HM MR,,100,,,,,sc,
81666,val1,b1,,529,HM MR,,100,,,,,sc,
81666,val1,b2,,4,HM MR,,100,,,,,sc,
81666,val1,b3,,7,HM MR,,100,,,,,sc,
10345,vta1_a,lrt3,,684,HM MR,,20,,,,,muc,
68000,vta1_a,lrt3,,1,HM MR,,20,,,,,muc,
17610,vta1_b,b2,,10,HM MR,,20,,,,,muc,
17610,vta1_b,brt2,,1167,HM MR,,20,,,,,muc,
17610,vta1_b,,,159,HM MR,,20,,,,,muc,
29504,vta1_c,b2,,185,HM MR,,20,,,,,muc,
29504,vta1_c,,,416,HM MR,,20,,,,,muc,
43280,vta1_d,b3,,54,HM MR,,20,,,,,muc,
43280,vta1_d,,,74,HM MR,,20,,,,,muc,
44112,vta1_e,lrt3,,43,HM MR,,20,,,,,muc,
44112,vta1_e,,,131,HM MR,,20,,,,,muc,
47766,vta1_f,b2,,14,HM MR,,20,,,,,muc,
47766,vta1_f,bart2,,2,HM MR,,20,,,,,muc,
47766,vta1_f,lrt3,,252,HM MR,,20,,,,,muc,
55282,vta1_h,b1,,195,HM MR,,20,,,,,muc,
55282,vta1_h,b2,,329,HM MR,,20,,,,,muc,
55282,vta1_h,b3,,39,HM MR,,20,,,,,muc,
55282,vta1_h,brt2,,931,HM MR,,20,,,,,muc,
55282,vta1_h,brt3,,56,HM MR,,20,,,,,muc,
55282,vta1_h,cr3,,1464,HM MR,,20,,,,,muc,
55282,vta1_h,cr4,,1,HM MR,,20,,,,,muc,
68000,vta1_i,b1,,1725,HM MR,,20,,,,,muc,
00085,vta1_i,b2,ubz,1,HM MR,,20,,,,,muc,
00085,vta1_i,b2,,2,HM MR,,20,,,,,muc,
68000,vta1_i,b2,,1057,HM MR,,20,,,,,muc,
68000,vta1_i,b3,exp2,2,,,20,,,,,muc,
68000,vta1_i,b3,,950,HM MR,,20,,,,,muc,
68000,vta1_i,bart2,,94,HM MR,,20,,,,,muc,
00085,vta1_i,brt1,,156,HM MR,,20,,,,,muc,
68000,vta1_i,brt1,,1258,HM MR,,20,,,,,muc,
68000,vta1_i,brt2,,624,HM MR,,20,,,,,muc,
68000,vta1_i,lrt2,,82,HM MR,,20,,,,,muc,
00085,vta1_i,lrt3,ubz,1,HM MR,,20,,,,,muc,
00085,vta1_i,lrt3,,89,HM MR,,20,,,,,muc,
68000,vta1_i,lrt3,,2970,HM MR,,20,,,,,muc,
00085,vta1_i,,ubz,2,HM MR,,20,,,,,muc,
68000,vta1_i,,exp2,2,,,20,,,,,muc,
68000,vta1_i,,,7,HM MR,,20,,,,,muc,
69084,vta1_j,b2,,2,HM MR,,20,,,,,muc,
69084,vta1_j,b3,,16,HM MR,,20,,,,,muc,
68000,vta1_j,brt2,,1,HM MR,,20,,,,,muc,
69084,vta1_j,brt2,,364,HM MR,,20,,,,,muc,
69084,vta1_j,cr4,,11,HM MR,,20,,,,,muc,
68000,vta1_j,lrt3,,1,HM MR,,20,,,,,muc,
69084,vta1_j,lrt3,,157,HM MR,,20,,,,,muc,
00085,vta1_k,b3,exp1,81,HM MR,,20,,,,,muc,
70280,vta1_l,,,137,HM MR,,20,,,,,muc,
77000,vta1_m,b1,,85,HM MR,,20,,,,,muc,
77000,vta1_m,b2,,108,HM MR,,20,,,,,muc,
77000,vta1_m,b3,,3,HM MR,,20,,,,,muc,
77000,vta1_m,brt2,,82,HM MR,,20,,,,,muc,
77000,vta1_m,lrt3,,136,HM MR,,20,,,,,muc,
17610,vta1_m,,,7,HM MR,,20,,,,,muc,
77000,vta1_m,,,768,HM MR,,20,,,,,muc,
83346,wal1,b1,,30,HM MR,,150,2.5,,,,cc,
83346,wal1,b2,,1,HM MR,,150,2.5,,,,cc,
83346,wal1,b3,,74,HM MR,,150,2.5,,,,cc,
83346,wal1,bart3a,,354,HM MR,,150,2.5,,,,cc,
00013,wcc1_a,b2,,681,HM MR,,20,,,,,muc,
00013,wcc1_a,b3,,123,HM MR,,20,,,,,muc,
57288,wcc1_a,b3,,14,HM MR,,20,,,,,muc,
00013,wcc1_a,,,251,HM MR,,20,,,,,muc,
21796,wcc1_c,b1,,1,HM MR,,20,,,,,muc,
60620,wcc1_c,b1,,41,HM MR,,20,,,,,muc,
60620,wcc1_c,b2,,162,HM MR,,20,,,,,muc,
68294,wcc1_c,b2,,6,HM MR,,20,,,,,muc,
60620,wcc1_c,b3,,19,HM MR,,20,,,,,muc,
68294,wcc1_c,b3,,1,HM MR,,20,,,,,muc,
60620,wcc1_c,bart2,,12,HM MR,,20,,,,,muc,
33308,wcc1_g,b1,,10,HM MR,,20,,,,,muc,
33308,wcc1_g,b2,,33,HM MR,,20,,,,,muc,
33308,wcc1_g,b3,,50,HM MR,,20,,,,,muc,
85922,win1,cr4,,845,HM MR,,100,,,,,sc,
85922,win1,,,79,HM MR,,100,,,,,sc,
00001,,b1,,291,,,,,,,,,
00081,,b1,,190,,,,,,,,,
00085,,b1,,48,,,,,,,,,
00095,,b1,,7,,,,,,,,,
00562,,b1,,69,,,,,,,,,
00674,,b1,,2634,,,,,,,,,
02252,,b1,,460,,,,,,,,,
06000,,b1,,5122,,,,,,,,,
14736,,b1,,41,,,,,,,,,
17918,,b1,,4110,,,,,,,,,
21796,,b1,,550,,,,,,,,,
22594,,b1,,497,,,,,,,,,
26000,,b1,,270,,,,,,,,,
33000,,b1,,199,,,,,,,,,
33308,,b1,,461,,,,,,,,,
43280,,b1,,126,,,,,,,,,
46870,,b1,,184,,,,,,,,,
47766,,b1,,694,,,,,,,,,
49670,,b1,,13,,,,,,,,,
53000,,b1,,3041,,,,,,,,,
55282,,b1,,400,,,,,,,,,
60620,,b1,,1188,,,,,,,,,
67000,,b1,,25921,,,,,,,,,
68000,,b1,,9554,,,,,,,,,
68084,,b1,,1278,,,,,,,,,
68252,,b1,,12,,,,,,,,,
68364,,b1,,188,,,,,,,,,
69084,,b1,,545,,,,,,,,,
70098,,b1,,1611,,,,,,,,,
73262,,b1,,84,,,,,,,,,
77000,,b1,,332,,,,,,,,,
81204,,b1,,1933,,,,,,,,,
81666,,b1,,1169,,,,,,,,,
83346,,b1,,96,,,,,,,,,
00001,,b2,ubz,11,HS RS,,5.5,0.5,,,,,
00001,,b2,,243,,,,,,,,,
00013,,b2,ubz,15,HS RS,,5.5,0.5,,,,,
00013,,b2,,2145,,,,,,,,,
00041,,b2,exp1_low,36,,,,,0.025,0,,,
00041,,b2,ubz_low,3,HS RS,,2.75,0.25,,,,,
00041,,b2,,2353,,,,,,,,,
00081,,b2,ubz,138,HS RS,,5.5,0.5,,,,,
00081,,b2,,941,,,,,,,,,
00085,,b2,ubz,11,HS RS,,5.5,0.5,,,,,
00085,,b2,,720,,,,,,,,,
00095,,b2,ubz,387,HS RS,,5.5,0.5,,,,,
00095,,b2,,16,,,,,,,,,
00097,,b2,ubz,1,HS RS,,5.5,0.5,,,,,
00097,,b2,,2,,,,,,,,,
00562,,b2,,1336,,,,,,,,,
00674,,b2,,1122,,,,,,,,,
02252,,b2,,1856,,,,,,,,,
03092,,b2,,28,,,,,,,,,
05108,,b2,,1161,,,,,,,,,
06000,,b2,,7301,,,,,,,,,
08142,,b2,,1451,,,,,,,,,
08310,,b2,,1,,,,,,,,,
10345,,b2,,4,,,,,,,,,
14736,,b2,,19,,,,,,,,,
16000,,b2,,536,,,,,,,,,
16462,,b2,,321,,,,,,,,,
17610,,b2,,322,,,,,,,,,
17918,,b2,,8535,,,,,,,,,
17988,,b2,,850,,,,,,,,,
20018,,b2,,497,,,,,,,,,
21796,,b2,,1248,,,,,,,,,
22594,,b2,,17,,,,,,,,,
23182,,b2,,3981,,,,,,,,,
26000,,b2,,5252,,,,,,,,,
29504,,b2,,2023,,,,,,,,,
33000,,b2,,7369,,,,,,,,,
33308,,b2,,1585,,,,,,,,,
40438,,b2,,516,,,,,,,,,
41992,,b2,,1167,,,,,,,,,
43280,,b2,,294,,,,,,,,,
43294,,b2,,122,,,,,,,,,
46114,,b2,,2026,,,,,,,,,
46870,,b2,,321,,,,,,,,,
47710,,b2,,549,,,,,,,,,
47766,,b2,,8734,,,,,,,,,
49278,,b2,,740,,,,,,,,,
49670,,b2,,981,,,,,,,,,
50916,,b2,,1518,,,,,,,,,
52582,,b2,exp1_low,2,,,,,0.025,0,,,
52582,,b2,,2003,,,,,,,,,
53000,,b2,,9798,,,,,,,,,
53070,,b2,,1028,,,,,,,,,
54806,,b2,,1101,,,,,,,,,
55282,,b2,,6100,,,,,,,,,
56938,,b2,,2087,,,,,,,,,
57288,,b2,,2209,,,,,,,,,
57456,,b2,,1373,,,,,,,,,
57764,,b2,,1451,,,,,,,,,
57792,,b2,,2869,,,,,,,,,
60102,,b2,,560,,,,,,,,,
60620,,b2,,9381,,,,,,,,,
62980,,b2,,801,,,,,,,,,
64434,,b2,,1599,,,,,,,,,
65028,,b2,,7,,,,,,,,,
65070,,b2,,520,,,,,,,,,
67000,,b2,,4738,,,,,,,,,
68000,,b2,,19876,,,,,,,,,
68084,,b2,,2457,,,,,,,,,
68252,,b2,,751,,,,,,,,,
68294,,b2,,3109,,,,,,,,,
68364,,b2,,2407,,,,,,,,,
68378,,b2,,288,,,,,,,,,
69084,,b2,,5139,,,,,,,,,
70098,,b2,,3182,,,,,,,,,
70280,,b2,,182,,,,,,,,,
70364,,b2,,1234,,,,,,,,,
73262,,b2,,3656,,,,,,,,,
77000,,b2,,2377,,,,,,,,,
78666,,b2,,123,,,,,,,,,
81204,,b2,,6298,,,,,,,,,
81554,,b2,,2632,,,,,,,,,
81666,,b2,,3767,,,,,,,,,
83346,,b2,,628,,,,,,,,,
00001,,b3,ubz,210,HS RS,,5.5,0.5,,,,,
00001,,b3,,3318,,,,,,,,,
00013,,b3,ubz,123,HS RS,,5.5,0.5,,,,,
00013,,b3,,3326,,,,,,,,,
00041,,b3,ubz_low,1,HS RS,,2.75,0.25,,,,,
00041,,b3,,3301,,,,,,,,,
00081,,b3,ubz,103,HS RS,,5.5,0.5,,,,,
00081,,b3,,524,,,,,,,,,
00085,,b3,exp1,548,,,,,0.025,0,,,
00085,,b3,ubz,130,HS RS,,5.5,0.5,,,,,
00085,,b3,,1555,,,,,,,,,
00095,,b3,exp1,8,,,,,0.025,0,,,
00095,,b3,ubz,3,HS RS,,5.5,0.5,,,,,
00095,,b3,,10,,,,,,,,,
00097,,b3,ubz,218,HS RS,,5.5,0.5,,,,,
00097,,b3,,3,,,,,,,,,
00562,,b3,,6414,,,,,,,,,
00674,,b3,,44,,,,,,,,,
02252,,b3,,11738,,,,,,,,,
03092,,b3,,48,,,,,,,,,
05108,,b3,,355,,,,,,,,,
06000,,b3,,296,,,,,,,,,
08142,,b3,,2267,,,,,,,,,
08310,,b3,,1196,,,,,,,,,
09066,,b3,,639,,,,,,,,,
10345,,b3,,751,,,,,,,,,
16000,,b3,,1827,,,,,,,,,
16462,,b3,,1879,,,,,,,,,
16560,,b3,,6,,,,,,,,,
17610,,b3,,2847,,,,,,,,,
17918,,b3,,1600,,,,,,,,,
20018,,b3,,2,,,,,,,,,
20956,,b3,,1773,,,,,,,,,
23168,,b3,,1882,,,,,,,,,
23182,,b3,,1119,,,,,,,,,
25338,,b3,,3026,,,,,,,,,
26000,,b3,,5623,,,,,,,,,
29504,,b3,exp1,6,,,,,0.025,0,,,
29504,,b3,,1437,,,,,,,,,
33000,,b3,,6964,,,,,,,,,
33308,,b3,,766,,,,,,,,,
33798,,b3,,97,,,,,,,,,
40438,,b3,,2702,,,,,,,,,
41992,,b3,,1467,,,,,,,,,
43280,,b3,,1328,,,,,,,,,
43294,,b3,,38,,,,,,,,,
44112,,b3,,213,,,,,,,,,
46114,,b3,,467,,,,,,,,,
46870,,b3,,1822,,,,,,,,,
47486,,b3,,237,,,,,,,,,
47710,,b3,,3504,,,,,,,,,
47766,,b3,,1007,,,,,,,,,
49278,,b3,exp1,1,,,,,0.025,0,,,
49278,,b3,,2629,,,,,,,,,
49670,,b3,,1821,,,,,,,,,
50258,,b3,,1549,,,,,,,,,
50916,,b3,,2190,,,,,,,,,
52582,,b3,,3829,,,,,,,,,
53000,,b3,,2477,,,,,,,,,
53070,,b3,,2265,,,,,,,,,
54806,,b3,,7246,,,,,,,,,
55282,,b3,,4816,,,,,,,,,
56784,,b3,,188,,,,,,,,,
56938,,b3,,1173,,,,,,,,,
57288,,b3,,1124,,,,,,,,,
57456,,b3,,2275,,,,,,,,,
57764,,b3,,460,,,,,,,,,
57792,,b3,,2956,,,,,,,,,
60102,,b3,,2768,,,,,,,,,
60620,,b3,,3536,,,,,,,,,
62546,,b3,,128,,,,,,,,,
62980,,b3,,2,,,,,,,,,
64434,,b3,,2435,,,,,,,,,
65028,,b3,,2430,,,,,,,,,
65070,,b3,,431,,,,,,,,,
67000,,b3,,11,,,,,,,,,
68000,,b3,exp2,2,,,,,0.025,0,,,
68000,,b3,,27411,,,,,,,,,
68084,,b3,,4075,,,,,,,,,
68252,,b3,,3663,,,,,,,,,
68294,,b3,,1222,,,,,,,,,
68364,,b3,,3147,,,,,,,,,
68378,,b3,,1123,,,,,,,,,
69084,,b3,exp1,1,,,,,0.025,0,,,
69084,,b3,,4078,,,,,,,,,
70098,,b3,,7147,,,,,,,,,
70280,,b3,,1304,,,,,,,,,
70364,,b3,,456,,,,,,,,,
73262,,b3,,4786,,,,,,,,,
75630,,b3,,2099,,,,,,,,,
77000,,b3,,3962,,,,,,,,,
81204,,b3,,1196,,,,,,,,,
81554,,b3,,7483,,,,,,,,,
81666,,b3,,3169,,,,,,,,,
83346,,b3,,3599,,,,,,,,,
00001,,bart1,,589,,,,,,,,,
17918,,bart1,,390,,,,,,,,,
53000,,bart1,,87,,,,,,,,,
67000,,bart1,,3025,,,,,,,,,
68084,,bart1,,1212,,,,,,,,,
00001,,bart2,,20,,,,,,,,,
00013,,bart2,,1,,,,,,,,,
00081,,bart2,ubz,115,HS RS,,5.5,0.5,,,,,
00081,,bart2,,1,,,,,,,,,
00674,,bart2,,400,,,,,,,,,
06000,,bart2,,5381,,,,,,,,,
14736,,bart2,,37,,,,,,,,,
17918,,bart2,,240,,,,,,,,,
21796,,bart2,,3081,,,,,,,,,
26000,,bart2,,458,,,,,,,,,
33000,,bart2,,1789,,,,,,,,,
47766,,bart2,,61,,,,,,,,,
53000,,bart2,,39,,,,,,,,,
60620,,bart2,,1246,,,,,,,,,
65028,,bart2,,12,,,,,,,,,
68000,,bart2,,333,,,,,,,,,
69084,,bart2,,166,,,,,,,,,
73262,,bart2,,518,,,,,,,,,
81204,,bart2,,838,,,,,,,,,
00001,,bart3a,,876,,,,,,,,,
00013,,bart3a,,998,,,,,,,,,
00081,,bart3a,ubz,2,HS RS,,5.5,0.5,,,,,
00081,,bart3a,,1,,,,,,,,,
02252,,bart3a,,875,,,,,,,,,
06000,,bart3a,,33,,,,,,,,,
09066,,bart3a,,28,,,,,,,,,
16000,,bart3a,,1871,,,,,,,,,
20018,,bart3a,,47,,,,,,,,,
47486,,bart3a,,250,,,,,,,,,
53000,,bart3a,,11,,,,,,,,,
57456,,bart3a,,557,,,,,,,,,
57764,,bart3a,,9,,,,,,,,,
57792,,bart3a,,64,,,,,,,,,
83346,,bart3a,,1110,,,,,,,,,
39122,,bart3b,,531,,,,,,,,,
54232,,bart3b,,514,,,,,,,,,
00081,,brt1,,19,,,,,,,,,
00085,,brt1,,475,,,,,,,,,
06000,,brt1,,2484,,,,,,,,,
08310,,brt1,,5,,,,,,,,,
17918,,brt1,,472,,,,,,,,,
53000,,brt1,,61,,,,,,,,,
67000,,brt1,,16290,,,,,,,,,
68000,,brt1,,6284,,,,,,,,,
68084,,brt1,,1425,,,,,,,,,
00001,,brt2,ubz,6,HS RS,,5.5,0.5,,,,,
00001,,brt2,,16,,,,,,,,,
00081,,brt2,ubz,33,HS RS,,5.5,0.5,,,,,
00081,,brt2,,909,,,,,,,,,
00085,,brt2,ubz,1,HS RS,,5.5,0.5,,,,,
00085,,brt2,,456,,,,,,,,,
00562,,brt2,,7286,,,,,,,,,
03092,,brt2,,691,,,,,,,,,
05108,,brt2,,1017,,,,,,,,,
09066,,brt2,,467,,,,,,,,,
17610,,brt2,,2599,,,,,,,,,
17918,,brt2,,819,,,,,,,,,
26000,,brt2,,1590,,,,,,,,,
33798,,brt2,,382,,,,,,,,,
43280,,brt2,,974,,,,,,,,,
46870,,brt2,,1210,,,,,,,,,
47486,,brt2,,676,,,,,,,,,
49670,,brt2,,357,,,,,,,,,
50916,,brt2,,719,,,,,,,,,
53000,,brt2,,14,,,,,,,,,
55282,,brt2,,1863,,,,,,,,,
60102,,brt2,,1302,,,,,,,,,
65028,,brt2,,797,,,,,,,,,
65070,,brt2,,686,,,,,,,,,
68000,,brt2,,3712,,,,,,,,,
68252,,brt2,,2312,,,,,,,,,
69084,,brt2,,7609,,,,,,,,,
73262,,brt2,,1540,,,,,,,,,
77000,,brt2,,893,,,,,,,,,
81204,,brt2,,153,,,,,,,,,
00001,,brt3,,3,,,,,,,,,
00081,,brt3,ubz,64,HS RS,,5.5,0.5,,,,,
00081,,brt3,,1,,,,,,,,,
00085,,brt3,,268,,,,,,,,,
20956,,brt3,,180,,,,,,,,,
26000,,brt3,,11,,,,,,,,,
46870,,brt3,,1254,,,,,,,,,
50916,,brt3,,899,,,,,,,,,
53000,,brt3,,6352,,,,,,,,,
55282,,brt3,,416,,,,,,,,,
67000,,brt3,,7,,,,,,,,,
00081,,cr3,ubz,1,HS RS,,5.5,0.5,,,,,
00085,,cr3,,2,,,,,,,,,
09066,,cr3,,23,,,,,,,,,
46870,,cr3,,1,,,,,,,,,
47486,,cr3,,5,,,,,,,,,
55282,,cr3,,1,,,,,,,,,
68000,,cr3,,2,,,,,,,,,
68252,,cr3,,537,,,,,,,,,
00041,,cr4,exp1_low,11,,,,,0.025,0,,,
00041,,cr4,,98,,,,,,,,,
00081,,cr4,ubz,1,HS RS,,5.5,0.5,,,,,
00081,,cr4,,1,,,,,,,,,
00097,,cr4,exp1,14,,,,,0.025,0,,,
00097,,cr4,ubz,8,HS RS,,5.5,0.5,,,,,
00097,,cr4,,2,,,,,,,,,
03092,,cr4,,15,,,,,,,,,
09066,,cr4,,841,,,,,,,,,
16560,,cr4,,473,,,,,,,,,
40438,,cr4,,689,,,,,,,,,
46870,,cr4,,2,,,,,,,,,
52582,,cr4,,1075,,,,,,,,,
55282,,cr4,,93,,,,,,,,,
56784,,cr4,,1330,,,,,,,,,
62546,,cr4,,3082,,,,,,,,,
65070,,cr4,,1,,,,,,,,,
68252,,cr4,,1007,,,,,,,,,
68364,,cr4,,56,,,,,,,,,
69084,,cr4,,340,,,,,,,,,
70098,,cr4,,2,,,,,,,,,
73262,,cr4,,65,,,,,,,,,
77000,,cr4,,55,,,,,,,,,
85922,,cr4,,416,,,,,,,,,
67000,,lrt1,,9646,,,,,,,,,
00081,,lrt2,,9,,,,,,,,,
08310,,lrt2,,17,,,,,,,,,
17918,,lrt2,,282,,,,,,,,,
67000,,lrt2,,38150,,,,,,,,,
68000,,lrt2,,1341,,,,,,,,,
69084,,lrt2,,630,,,,,,,,,
00085,,lrt3,exp1,2,,,,,0.025,0,,,
00085,,lrt3,ubz,391,HS RS,,5.5,0.5,,,,,
00085,,lrt3,,2770,,,,,,,,,
10345,,lrt3,exp1,6,,,,,0.025,0,,,
10345,,lrt3,,7814,,,,,,,,,
44112,,lrt3,exp1,6,,,,,0.025,0,,,
44112,,lrt3,,2064,,,,,,,,,
47766,,lrt3,,2717,,,,,,,,,
48956,,lrt3,,120,,,,,,,,,
49670,,lrt3,,3575,,,,,,,,,
68000,,lrt3,exp1,9,,,,,0.025,0,,,
68000,,lrt3,,57020,,,,,,,,,
69084,,lrt3,,3312,,,,,,,,,
77000,,lrt3,,5148,,,,,,,,,
00001,,,exp1,333,,,,,0.025,0,,,
00001,,,exp2,79,,,,,0.025,0,,,
00001,,,ubz,987,HS RS,,5.5,0.5,,,,,
00001,,,,29584,,,,,,,,,
00013,,,exp1,1060,,,,,0.025,0,,,
00013,,,ubz,2035,HS RS,,5.5,0.5,,,,,
00013,,,,48144,,,,,,,,,
00041,,,exp1_low,828,,,,,0.025,0,,,
00041,,,ubz_low,851,HS RS,,2.75,0.25,,,,,
00041,,,,19615,,,,,,,,,
00055,,,exp1_low,1362,,,,,0.025,0,,,
00055,,,ubz_low,1416,HS RS,,2.75,0.25,,,,,
00055,,,,13375,,,,,,,,,
00081,,,ubz,3637,HS RS,,5.5,0.5,,,,,
00081,,,,10542,,,,,,,,,
00085,,,exp1,1982,,,,,0.025,0,,,
00085,,,exp2,231,,,,,0.025,0,,,
00085,,,ubz,3173,HS RS,,5.5,0.5,,,,,
00085,,,,16168,,,,,,,,,
00095,,,exp1,2292,,,,,0.025,0,,,
00095,,,exp2,69,,,,,0.025,,,,
00095,,,ubz,1480,HS RS,,5.5,0.5,,,,,
00095,,,,9379,,,,,,,,,
00097,,,exp1,12277,,,,,0.025,0,,,
00097,,,exp2,1245,,,,,0.025,0,,,
00097,,,ubz,5714,HS RS,,5.5,0.5,,,,,
00097,,,,49310,,,,,,,,,
00562,,,,1917,,,,,,,,,
00674,,,,101,,,,,,,,,
01640,,,,5082,,,,,,,,,
02252,,,,16472,,,,,,,,,
03092,,,,1809,,,,,,,,,
05108,,,,5498,,,,,,,,,
05164,,,,956,,,,,,,,,
05290,,,,10315,,,,,,,,,
06000,,,,4421,,,,,,,,,
08142,,,exp1,33,,,,,0.025,0,,,
08142,,,,15699,,,,,,,,,
08310,,,,951,,,,,,,,,
09066,,,,2380,,,,,,,,,
09892,,,,1653,,,,,,,,,
10345,,,,1863,,,,,,,,,
13882,,,,4330,,,,,,,,,
14190,,,exp2,6,,,,,0.025,0,,,
14190,,,,2602,,,,,,,,,
14736,,,,102,,,,,,,,,
16000,,,,31011,,,,,,,,,
16462,,,,1452,,,,,,,,,
16560,,,,2072,,,,,,,,,
17610,,,,9439,,,,,,,,,
17918,,,,1953,,,,,,,,,
17988,,,,15399,,,,,,,,,
19402,,,exp1,1,,,,,0.025,0,,,
19402,,,,5565,,,,,,,,,
20018,,,exp1,4,,,,,0.025,0,,,
20018,,,,8686,,,,,,,,,
20956,,,,2256,,,,,,,,,
21796,,,,3383,,,,,,,,,
22594,,,,1,,,,,,,,,
23168,,,,1342,,,,,,,,,
23182,,,exp1,28,,,,,0.025,0,,,
23182,,,exp2,3,,,,,0.025,0,,,
23182,,,,25372,,,,,,,,,
25338,,,,6218,,,,,,,,,
26000,,,exp1,1,,,,,0.025,0,,,
26000,,,,30110,,,,,,,,,
29504,,,exp1,32,,,,,0.025,0,,,
29504,,,exp2,4,,,,,0.025,0,,,
29504,,,,8381,,,,,,,,,
31708,,,,6160,,,,,,,,,
33000,,,,13529,,,,,,,,,
33056,,,exp1,30,,,,,0.025,0,,,
33056,,,,4802,,,,,,,,,
33308,,,,4445,,,,,,,,,
33798,,,,3682,,,,,,,,,
39122,,,,7722,,,,,,,,,
40438,,,,457,,,,,,,,,
41992,,,exp1,87,,,,,0.025,0,,,
41992,,,,22532,,,,,,,,,
43280,,,,8078,,,,,,,,,
43294,,,,3047,,,,,,,,,
44112,,,,8374,,,,,,,,,
46114,,,,10023,,,,,,,,,
46870,,,,3856,,,,,,,,,
47486,,,,3891,,,,,,,,,
47710,,,,1612,,,,,,,,,
47766,,,,3034,,,,,,,,,
48956,,,,1134,,,,,,,,,
49187,,,,5681,,,,,,,,,
49278,,,exp1,11,,,,,0.025,0,,,
49278,,,,7513,,,,,,,,,
49670,,,,2972,,,,,,,,,
50258,,,exp1_low,81,,,,,0.025,0,,,
50258,,,,21138,,,,,,,,,
50916,,,,6131,,,,,,,,,
52582,,,exp1_low,22,,,,,0.025,0,,,
52582,,,,11642,,,,,,,,,
53000,,,,17875,,,,,,,,,
53070,,,exp1,1,,,,,0.025,0,,,
53070,,,,7853,,,,,,,,,
54232,,,,6679,,,,,,,,,
54806,,,,4624,,,,,,,,,
55282,,,,2989,,,,,,,,,
56784,,,exp1,16,,,,,0.025,0,,,
56784,,,,18066,,,,,,,,,
56938,,,,687,,,,,,,,,
57288,,,,2672,,,,,,,,,
57456,,,,9497,,,,,,,,,
57764,,,,8933,,,,,,,,,
57792,,,exp1,1,,,,,0.025,0,,,
57792,,,,15098,,,,,,,,,
58380,,,,1821,,,,,,,,,
60102,,,,13668,,,,,,,,,
60620,,,,8479,,,,,,,,,
60984,,,exp1,3,,,,,0.025,0,,,
60984,,,,4634,,,,,,,,,
62546,,,exp1,51,,,,,0.025,0,,,
62546,,,,7714,,,,,,,,,
62980,,,,183,,,,,,,,,
64140,,,,2278,,,,,,,,,
64434,,,,807,,,,,,,,,
65028,,,,5676,,,,,,,,,
65070,,,,7093,,,,,,,,,
67000,,,,54,,,,,,,,,
68000,,,exp1,22,,,,,0.025,0,,,
68000,,,exp2,23,,,,,0.025,0,,,
68000,,,,69137,,,,,,,,,
68084,,,,10248,,,,,,,,,
68252,,,,13107,,,,,,,,,
68294,,,,1429,,,,,,,,,
68364,,,,9945,,,,,,,,,
68378,,,exp1,4,,,,,0.025,0,,,
68378,,,,20559,,,,,,,,,
69084,,,,6062,,,,,,,,,
70098,,,exp1,198,,,,,0.025,0,,,
70098,,,,31899,,,,,,,,,
70280,,,exp1,5,,,,,0.025,0,,,
70280,,,,9657,,,,,,,,,
70364,,,,1642,,,,,,,,,
70770,,,exp1,30,,,,,0.025,0,,,
70770,,,,1233,,,,,,,,,
72646,,,exp1,36,,,,,0.025,0,,,
72646,,,,4875,,,,,,,,,
73262,,,,3849,,,,,,,,,
75630,,,exp1,4,,,,,0.025,0,,,
75630,,,,5746,,,,,,,,,
77000,,,,10388,,,,,,,,,
78666,,,,3449,,,,,,,,,
81204,,,,5656,,,,,,,,,
81554,,,exp1,2,,,,,0.025,0,,,
81554,,,,18951,,,,,,,,,
81666,,,,33373,,,,,,,,,
83346,,,,16140,,,,,,,,,
85922,,,exp1,73,,,,,0.025,0,,,
85922,,,,7622,,,,,,,,,
86440,,,,2427,,,,,,,,,
86930,,,,841,,,,,,,,,
