zoninghzcat,count,juris_id,hra_id,trich_id,cat_id,opp_id,add_bldg,drop_bldg,dua_up,far_up,dua_down,far_down,subsidy,place_type,notes
alamHRAConnCatOff1,5,alam,HRA,Conn,CatOff1,,HM,,175,5,,,,,
alamHRAConnCatRet1,9,alam,HRA,Conn,CatRet1,,HM,,175,5,,,,,
alamHRAConnNA,1892,alam,HRA,Conn,NA,,HM,,50,2,,,,,
alamHRANACatOff1,6,alam,HRA,NA,CatOff1,,HM,,35,1.5,,,,,
alamHRANACatRet1,2,alam,HRA,NA,CatRet1,,HM,,35,1.5,,,,,
alamHRANANA,5210,alam,HRA,NA,NA,,,,,,,,,,
alamHRARCatOff1,2,alam,HRA,R,CatOff1,,HM,,175,5,,,,,
alamHRARNA,6114,alam,HRA,R,NA,,HM,,125,4,,,,,
alamHRARnaNA,7,alam,HRA,Rna,NA,,HM,,125,4,,,,,
alamHRAVRrCatOff1,9,alam,HRA,VRr,CatOff1,,HM,,175,5,,,,,
alamHRAVRrCatRet1,6,alam,HRA,VRr,CatRet1,,HM,,175,5,,,,,
alamHRAVRrNA,1011,alam,HRA,VRr,NA,,HM,,250,8,,,,,
alamNANANA,513,alam,NA,NA,NA,,,,,,,,,,
alamNARCatOff1,1,alam,NA,R,CatOff1,,HM,,175,5,,,,,
alamNARCatRet1,6,alam,NA,R,CatRet1,,HM,,175,5,,,,,
alamNARNA,2723,alam,NA,R,NA,,HM,,125,4,,,,,
alamNARnaNA,337,alam,NA,Rna,NA,,HM,,125,4,,,,,
alamNAVRnaNA,1,alam,NA,VRna,NA,,HM,,250,8,,,,,
alamNAVRrCatRet1,1,alam,NA,VRr,CatRet1,,HM,,175,5,,,,,
alamNAVRrNA,486,alam,NA,VRr,NA,,HM,,250,8,,,,,
albaHRAConnNA,1175,alba,HRA,Conn,NA,,HM,,50,2,,,,,
albaHRANANA,80,alba,HRA,NA,NA,,,,,,,,,,
albaHRARNA,2801,alba,HRA,R,NA,,HM,,125,4,,,,,
albaHRARnaNA,47,alba,HRA,Rna,NA,,HM,,125,4,,,,,
albaHRAVRCatRet1,1,alba,HRA,VR,CatRet1,,HM,,175,5,,,,,
albaHRAVRNA,422,alba,HRA,VR,NA,,HM,,250,8,,,,,
albaNANANA,40,alba,NA,NA,NA,,,,,,,,,,
albaNARNA,12,alba,NA,R,NA,,HM,,125,4,,,,,
amerNANACatRet1,10,amer,NA,NA,CatRet1,,HM,,35,1.5,,,,,
amerNANANA,5163,amer,NA,NA,NA,,,,,,,,,,
antiNANACatRet1,59,anti,NA,NA,CatRet1,,HM,,35,1.5,,,,,
antiNANANA,30473,anti,NA,NA,NA,,,,,,,,,,
antiNAVRNA,860,anti,NA,VR,NA,,HM,,250,8,,,,,
antiNAVRnaNA,2,anti,NA,VRna,NA,,HM,,250,8,,,,,
atheHRAConnNA,411,athe,HRA,Conn,NA,,HM,,50,2,,,,,
atheHRANANA,187,athe,HRA,NA,NA,,,,,,,,,,
atheHRAVRNA,410,athe,HRA,VR,NA,,HM,,250,8,,,,,
atheNANANA,1398,athe,NA,NA,NA,,,,,,,,,,
atheNAVRNA,182,athe,NA,VR,NA,,HM,,250,8,,,,,
belmHRAConnNA,455,belm,HRA,Conn,NA,,HM,,50,2,,,,,
belmHRANACatOff1,1,belm,HRA,NA,CatOff1,,HM,,35,1.5,,,,,
belmHRANACatRet1,3,belm,HRA,NA,CatRet1,,HM,,35,1.5,,,,,
belmHRANANA,5056,belm,HRA,NA,NA,,,,,,,,,,
belmHRAVRCatOff1,1,belm,HRA,VR,CatOff1,,HM,,175,5,,,,,
belmHRAVRNA,1899,belm,HRA,VR,NA,,HM,,250,8,,,,,
belmNANANA,410,belm,NA,NA,NA,,,,,,,,,,
belmNAVRNA,3,belm,NA,VR,NA,,HM,,250,8,,,,,
belvHRANANA,509,belv,HRA,NA,NA,,,,,,,,,,
belvHRARNA,144,belv,HRA,R,NA,,HM,,125,4,,,,,
belvHRARnaNA,33,belv,HRA,Rna,NA,,HM,,125,4,,,,,
belvNANANA,227,belv,NA,NA,NA,,,,,,,,,,
belvNARNA,38,belv,NA,R,NA,,HM,,125,4,,,,,
belvNARnaNA,5,belv,NA,Rna,NA,,HM,,125,4,,,,,
beniHRANACatRet1,3,beni,HRA,NA,CatRet1,,HM,,35,1.5,,,,,
beniHRANANA,6926,beni,HRA,NA,NA,,,,,,,,,,
beniHRARCatRet1,8,beni,HRA,R,CatRet1,,HM,,175,5,,,,,
beniHRARNA,225,beni,HRA,R,NA,,HM,,125,4,,,,,
beniNANANA,2135,beni,NA,NA,NA,,,,,,,,,,
beniNARNA,1208,beni,NA,R,NA,,HM,,125,4,,,,,
berkHRAConnNA,5432,berk,HRA,Conn,NA,,HM,,50,2,,,,,
berkHRANANA,4301,berk,HRA,NA,NA,,,,,,,,,,
berkHRARNA,6904,berk,HRA,R,NA,,HM,,125,4,,,,,
berkHRARnaNA,13,berk,HRA,Rna,NA,,HM,,125,4,,,,,
berkHRAVRNA,5631,berk,HRA,VR,NA,,HM,,250,8,,,,,
berkNANANA,567,berk,NA,NA,NA,,,,,,,,,,
berkNARCatOff1,10,berk,NA,R,CatOff1,,HM,,175,5,,,,,
berkNARNA,2840,berk,NA,R,NA,,HM,,125,4,,,,,
berkNAVRNA,589,berk,NA,VR,NA,,HM,,250,8,,,,,
brenNANACatRet1,46,bren,NA,NA,CatRet1,,HM,,35,1.5,,,,,
brenNANANA,18737,bren,NA,NA,NA,,,,,,,,,,
brenNAVRnaNA,284,bren,NA,VRna,NA,,HM,,250,8,,,,,
brisNAConnNA,94,bris,NA,Conn,NA,,HM,,50,2,,,,,
brisNANACatOff1,1,bris,NA,NA,CatOff1,,HM,,35,1.5,,,,,
brisNANANA,1594,bris,NA,NA,NA,,,,,,,,,,
brisNARNA,6,bris,NA,R,NA,,HM,,125,4,,,,,
brisNAVRNA,30,bris,NA,VR,NA,,HM,,250,8,,,,,
burlHRAConnNA,1341,burl,HRA,Conn,NA,,HM,,50,2,,,,,
burlHRANANA,1871,burl,HRA,NA,NA,,,,,,,,,,
burlHRAVRCatRet1,2,burl,HRA,VR,CatRet1,,HM,,175,5,,,,,
burlHRAVRNA,4542,burl,HRA,VR,NA,,HM,,250,8,,,,,
burlNANANA,37,burl,NA,NA,NA,,,,,,,,,,
burlNAVRNA,1,burl,NA,VR,NA,,HM,,250,8,,,,,
caliNANANA,1651,cali,NA,NA,NA,,,,,,,,,,
campHRAConnCatRet1,12,camp,HRA,Conn,CatRet1,,HM,,175,5,,,,,
campHRAConnNA,2062,camp,HRA,Conn,NA,,HM,,50,2,,,,,
campHRANANA,3310,camp,HRA,NA,NA,,,,,,,,,,
campHRAVRCatOff1,8,camp,HRA,VR,CatOff1,,HM,,175,5,,,,,
campHRAVRCatRet1,5,camp,HRA,VR,CatRet1,,HM,,175,5,,,,,
campHRAVRNA,1323,camp,HRA,VR,NA,,HM,,250,8,,,,,
campHRAVRnaNA,10,camp,HRA,VRna,NA,,HM,,250,8,,,,,
campNANACatRet1,3,camp,NA,NA,CatRet1,,HM,,35,1.5,,,,,
campNANANA,2128,camp,NA,NA,NA,,,,,,,,,,
campNAVRCatOff1,21,camp,NA,VR,CatOff1,,HM,,175,5,,,,,
campNAVRCatRet1,2,camp,NA,VR,CatRet1,,HM,,175,5,,,,,
campNAVRNA,1903,camp,NA,VR,NA,,HM,,250,8,,,,,
clayHRAConnCatRet1,5,clay,HRA,Conn,CatRet1,,HM,,175,5,,,,,
clayHRAConnNA,2549,clay,HRA,Conn,NA,,HM,,50,2,,,,,
clayHRANANA,1377,clay,HRA,NA,NA,,,,,,,,,,
clayNAConnNA,4,clay,NA,Conn,NA,,HM,,50,2,,,,,
clayNANANA,37,clay,NA,NA,NA,,,,,,,,,,
clovNANACatRet1,4,clov,NA,NA,CatRet1,,HM,,35,1.5,,,,,
clovNANANA,3110,clov,NA,NA,NA,,,,,,,,,,
cmadHRANACatRet1,8,cmad,HRA,NA,CatRet1,,HM,,35,1.5,,,,,
cmadHRANANA,3591,cmad,HRA,NA,NA,,,,,,,,,,
cmadHRARNA,3,cmad,HRA,R,NA,,HM,,125,4,,,,,
cmadNANANA,99,cmad,NA,NA,NA,,,,,,,,,,
cmadNARNA,1,cmad,NA,R,NA,,HM,,125,4,,,,,
colmHRAVRNA,12,colm,HRA,VR,NA,,HM,,250,8,,,,,
colmNANANA,157,colm,NA,NA,NA,,,,,,,,,,
colmNARCatRet1,11,colm,NA,R,CatRet1,,HM,,175,5,,,,,
colmNARNA,73,colm,NA,R,NA,,HM,,125,4,,,,,
colmNAVRCatRet1,4,colm,NA,VR,CatRet1,,HM,,175,5,,,,,
colmNAVRNA,253,colm,NA,VR,NA,,HM,,250,8,,,,,
concHRAConnCatRet1,6,conc,HRA,Conn,CatRet1,,HM,,175,5,,,,,
concHRAConnNA,1082,conc,HRA,Conn,NA,,HM,,50,2,,,,,
concHRANANA,3493,conc,HRA,NA,NA,,,,,,,,,,
concNANACatOff1,11,conc,NA,NA,CatOff1,,HM,,35,1.5,,,,,
concNANACatRet1,47,conc,NA,NA,CatRet1,,HM,,35,1.5,,,,,
concNANANA,24520,conc,NA,NA,NA,,,,,,,,,,
concNARCatRet1,6,conc,NA,R,CatRet1,,HM,,175,5,,,,,
concNARNA,86,conc,NA,R,NA,,HM,,125,4,,,,,
concNAVRNA,2634,conc,NA,VR,NA,,HM,,250,8,,,,,
cotaNANANA,1956,cota,NA,NA,NA,,,,,,,,,,
cotaNARCatRet1,2,cota,NA,R,CatRet1,,HM,,175,5,,,,,
cotaNARNA,383,cota,NA,R,NA,,HM,,125,4,,,,,
cupeHRAConnCatRet1,10,cupe,HRA,Conn,CatRet1,,HM,,175,5,,,,,
cupeHRAConnNA,3099,cupe,HRA,Conn,NA,,HM,,50,2,,,,,
cupeHRANACatOff1,3,cupe,HRA,NA,CatOff1,,HM,,35,1.5,,,,,
cupeHRANACatRet1,4,cupe,HRA,NA,CatRet1,,HM,,35,1.5,,,,,
cupeHRANANA,8164,cupe,HRA,NA,NA,,,,,,,,,,
cupeHRARCatOff1,15,cupe,HRA,R,CatOff1,,HM,,175,5,,,,,
cupeHRARCatRet1,31,cupe,HRA,R,CatRet1,,HM,,175,5,,,,,
cupeHRARNA,3918,cupe,HRA,R,NA,,HM,,125,4,,,,,
cupeHRARnaNA,149,cupe,HRA,Rna,NA,,HM,,125,4,,,,,
cupeNANANA,100,cupe,NA,NA,NA,,,,,,,,,,
dalcHRAConnNA,3454,dalc,HRA,Conn,NA,,HM,,50,2,,,,,
dalcHRANANA,282,dalc,HRA,NA,NA,,,,,,,,,,
dalcHRARCatRet1,1,dalc,HRA,R,CatRet1,,HM,,175,5,,,,,
dalcHRARNA,3743,dalc,HRA,R,NA,,HM,,125,4,,,,,
dalcHRAVRNA,1032,dalc,HRA,VR,NA,,HM,,250,8,,,,,
dalcNAConnNA,6,dalc,NA,Conn,NA,,HM,,50,2,,,,,
dalcNANANA,766,dalc,NA,NA,NA,,,,,,,,,,
dalcNARCatRet1,23,dalc,NA,R,CatRet1,,HM,,175,5,,,,,
dalcNARNA,6968,dalc,NA,R,NA,,HM,,125,4,,,,,
dalcNARnaNA,73,dalc,NA,Rna,NA,,HM,,125,4,,,,,
dalcNAVRNA,4733,dalc,NA,VR,NA,,HM,,250,8,,,,,
danvHRANACatRet1,16,danv,HRA,NA,CatRet1,,HM,,35,1.5,,,,,
danvHRANANA,13949,danv,HRA,NA,NA,,,,,,,,,,
danvHRARNA,766,danv,HRA,R,NA,,HM,,125,4,,,,,
danvHRARnaNA,1,danv,HRA,Rna,NA,,HM,,125,4,,,,,
danvNANANA,347,danv,NA,NA,NA,,,,,,,,,,
dixnNANACatRet1,3,dixn,NA,NA,CatRet1,,HM,,35,1.5,,,,,
dixnNANANA,5671,dixn,NA,NA,NA,,,,,,,,,,
dublHRANANA,7622,dubl,HRA,NA,NA,,,,,,,,,,
dublHRARCatOff1,12,dubl,HRA,R,CatOff1,,HM,,175,5,,,,,
dublHRARCatRet1,20,dubl,HRA,R,CatRet1,,HM,,175,5,,,,,
dublHRARNA,1965,dubl,HRA,R,NA,,HM,,125,4,,,,,
dublHRARnaNA,70,dubl,HRA,Rna,NA,,HM,,125,4,,,,,
dublHRAVRCatRet1,43,dubl,HRA,VR,CatRet1,,HM,,175,5,,,,,
dublHRAVRNA,261,dubl,HRA,VR,NA,,HM,,250,8,,,,,
dublNANANA,585,dubl,NA,NA,NA,,,,,,,,,,
dublNARCatRet1,6,dubl,NA,R,CatRet1,,HM,,175,5,,,,,
dublNARNA,20,dubl,NA,R,NA,,HM,,125,4,,,,,
dublNARnaNA,4,dubl,NA,Rna,NA,,HM,,125,4,,,,,
dublNAVRCatRet1,2,dubl,NA,VR,CatRet1,,HM,,175,5,,,,,
dublNAVRNA,7,dubl,NA,VR,NA,,HM,,250,8,,,,,
elceHRAConnNA,105,elce,HRA,Conn,NA,,HM,,50,2,,,,,
elceHRANANA,2327,elce,HRA,NA,NA,,,,,,,,,,
elceHRARNA,56,elce,HRA,R,NA,,HM,,125,4,,,,,
elceHRAVRCatRet1,9,elce,HRA,VR,CatRet1,,HM,,175,5,,,,,
elceHRAVRNA,1122,elce,HRA,VR,NA,,HM,,250,8,,,,,
elceNANANA,1048,elce,NA,NA,NA,,,,,,,,,,
elceNARNA,1473,elce,NA,R,NA,,HM,,125,4,,,,,
elceNARnaNA,61,elce,NA,Rna,NA,,HM,,125,4,,,,,
elceNAVRCatRet1,5,elce,NA,VR,CatRet1,,HM,,175,5,,,,,
elceNAVRNA,2372,elce,NA,VR,NA,,HM,,250,8,,,,,
emerNANANA,10,emer,NA,NA,NA,,,,,,,,,,
emerNARCatRet1,16,emer,NA,R,CatRet1,,HM,,175,5,,,,,
emerNARNA,1039,emer,NA,R,NA,,HM,,125,4,,,,,
emerNAVRNA,18,emer,NA,VR,NA,,HM,,250,8,,,,,
epalHRAConnNA,6,epal,HRA,Conn,NA,,HM,,50,2,,,,,
epalNAConnNA,820,epal,NA,Conn,NA,,HM,,50,2,,,,,
epalNANANA,3000,epal,NA,NA,NA,,,,,,,,,,
epalNARCatRet1,7,epal,NA,R,CatRet1,,HM,,175,5,,,,,
epalNARNA,795,epal,NA,R,NA,,HM,,125,4,,,,,
epalNARnaNA,1,epal,NA,Rna,NA,,HM,,125,4,,,,,
foscHRANACatOff1,13,fosc,HRA,NA,CatOff1,,HM,,35,1.5,,,,,
foscHRANACatRet1,2,fosc,HRA,NA,CatRet1,,HM,,35,1.5,,,,,
foscHRANANA,6949,fosc,HRA,NA,NA,,,,,,,,,,
foscNANANA,287,fosc,NA,NA,NA,,,,,,,,,,
fremHRAConnCatRet1,20,frem,HRA,Conn,CatRet1,,HM,,175,5,,,,,
fremHRAConnNA,22705,frem,HRA,Conn,NA,,HM,,50,2,,,,,
fremHRANACatRet1,3,frem,HRA,NA,CatRet1,,HM,,35,1.5,,,,,
fremHRANANA,17314,frem,HRA,NA,NA,,,,,,,,,,
fremHRARCatRet1,5,frem,HRA,R,CatRet1,,HM,,175,5,,,,,
fremHRARNA,354,frem,HRA,R,NA,,HM,,125,4,,,,,
fremHRAVRCatRet1,11,frem,HRA,VR,CatRet1,,HM,,175,5,,,,,
fremHRAVRNA,2816,frem,HRA,VR,NA,,HM,,250,8,,,,,
fremHRAVRnaNA,102,frem,HRA,VRna,NA,,HM,,250,8,,,,,
fremHRAVRrNA,4,frem,HRA,VRr,NA,,HM,,250,8,,,,,
fremNAConnCatOff1,32,frem,NA,Conn,CatOff1,,HM,,175,5,,,,,
fremNAConnCatRet1,9,frem,NA,Conn,CatRet1,,HM,,175,5,,,,,
fremNAConnNA,1345,frem,NA,Conn,NA,,HM,,50,2,,,,,
fremNANACatOff1,168,frem,NA,NA,CatOff1,,HM,,35,1.5,,,,,
fremNANACatRet1,27,frem,NA,NA,CatRet1,,HM,,35,1.5,,,,,
fremNANANA,7486,frem,NA,NA,NA,,,,,,,,,,
fremNARCatRet1,7,frem,NA,R,CatRet1,,HM,,175,5,,,,,
fremNARNA,456,frem,NA,R,NA,,HM,,125,4,,,,,
fremNAVRNA,872,frem,NA,VR,NA,,HM,,250,8,,,,,
fremNAVRnaNA,4,frem,NA,VRna,NA,,HM,,250,8,,,,,
frfdNAConnCatRet1,19,frfd,NA,Conn,CatRet1,,HM,,175,5,,,,,
frfdNAConnNA,766,frfd,NA,Conn,NA,,HM,,50,2,,,,,
frfdNANACatOff1,6,frfd,NA,NA,CatOff1,,HM,,35,1.5,,,,,
frfdNANACatRet1,43,frfd,NA,NA,CatRet1,,HM,,35,1.5,,,,,
frfdNANANA,29385,frfd,NA,NA,NA,,,,,,,,,,
frfdNARNA,623,frfd,NA,R,NA,,HM,,125,4,,,,,
frfdNARnaNA,186,frfd,NA,Rna,NA,,HM,,125,4,,,,,
frfxHRANANA,3090,frfx,HRA,NA,NA,,,,,,,,,,
frfxNANANA,240,frfx,NA,NA,NA,,,,,,,,,,
gilrHRANANA,2487,gilr,HRA,NA,NA,,,,,,,,,,
gilrNANACatRet1,41,gilr,NA,NA,CatRet1,,HM,,35,1.5,,,,,
gilrNANANA,8623,gilr,NA,NA,NA,,,,,,,,,,
gilrNAVRCatRet1,11,gilr,NA,VR,CatRet1,,HM,,175,5,,,,,
gilrNAVRNA,1443,gilr,NA,VR,NA,,HM,,250,8,,,,,
halfNANACatRet1,14,half,NA,NA,CatRet1,,HM,,35,1.5,,,,,
halfNANANA,5624,half,NA,NA,NA,,,,,,1,,,,
haywNAConnNA,339,hayw,NA,Conn,NA,,HM,,50,2,,,,,
haywNANACatOff1,62,hayw,NA,NA,CatOff1,,HM,,35,1.5,,,,,
haywNANACatRet1,29,hayw,NA,NA,CatRet1,,HM,,35,1.5,,,,,
haywNANANA,25156,hayw,NA,NA,NA,,,,,,,,,,
haywNARCatRet1,15,hayw,NA,R,CatRet1,,HM,,175,5,,,,,
haywNARNA,2963,hayw,NA,R,NA,,HM,,125,4,,,,,
haywNARnaNA,39,hayw,NA,Rna,NA,,HM,,125,4,,,,,
haywNAVRNA,3115,hayw,NA,VR,NA,,HM,,250,8,,,,,
healNANANA,3583,heal,NA,NA,NA,,,,,,,,,,
healNARnaCatRet1,11,heal,NA,Rna,CatRet1,,HM,,35,1.5,,,,,
healNARnaNA,783,heal,NA,Rna,NA,,HM,,125,4,,,,,
hercNAConnCatRet1,6,herc,NA,Conn,CatRet1,,HM,,175,5,,,,,
hercNAConnNA,28,herc,NA,Conn,NA,,HM,,50,2,,,,,
hercNANACatOff1,5,herc,NA,NA,CatOff1,,HM,,35,1.5,,,,,
hercNANACatRet1,7,herc,NA,NA,CatRet1,,HM,,35,1.5,,,,,
hercNANANA,6096,herc,NA,NA,NA,,,,,,,,,,
hercNARCatOff1,6,herc,NA,R,CatOff1,,HM,,175,5,,,,,
hercNARNA,754,herc,NA,R,NA,,HM,,125,4,,,,,
hillHRAConnNA,487,hill,HRA,Conn,NA,,HM,,50,2,,,,,
hillHRANANA,3443,hill,HRA,NA,NA,,,,,,,,,,
hillHRAVRNA,6,hill,HRA,VR,NA,,HM,,250,8,,,,,
hillNANANA,230,hill,NA,NA,NA,,,,,,,,,,
lafaHRANANA,7490,lafa,HRA,NA,NA,,,,,,,,,,
lafaHRAVRCatRet1,21,lafa,HRA,VR,CatRet1,,HM,,175,5,,,,,
lafaHRAVRNA,1071,lafa,HRA,VR,NA,,HM,,250,8,,,,,
lafaNANANA,271,lafa,NA,NA,NA,,,,,,,,,,
lahlHRAConnNA,132,lahl,HRA,Conn,NA,,HM,,50,2,,,,,
lahlHRANANA,2985,lahl,HRA,NA,NA,,,,,,,,,,
lahlNANANA,55,lahl,NA,NA,NA,,,,,,,,,,
laltHRANACatRet1,2,lalt,HRA,NA,CatRet1,,HM,,35,1.5,,,,,
laltHRANANA,9016,lalt,HRA,NA,NA,,,,,,,,,,
laltHRARNA,1425,lalt,HRA,R,NA,,HM,,125,4,,,,,
larkHRANACatRet1,6,lark,HRA,NA,CatRet1,,HM,,35,1.5,,,,,
larkHRANANA,3452,lark,HRA,NA,NA,,,,,,,,,,
larkHRARCatRet1,4,lark,HRA,R,CatRet1,,HM,,175,5,,,,,
larkHRARNA,797,lark,HRA,R,NA,,HM,,125,4,,,,,
larkNANANA,93,lark,NA,NA,NA,,,,,,,,,,
larkNARNA,7,lark,NA,R,NA,,HM,,125,4,,,,,
lgatHRAConnNA,465,lgat,HRA,Conn,NA,,HM,,50,2,,,,,
lgatHRANACatRet1,2,lgat,HRA,NA,CatRet1,,HM,,35,1.5,,,,,
lgatHRANANA,8525,lgat,HRA,NA,NA,,,,,,,,,,
lgatHRAVRNA,758,lgat,HRA,VR,NA,,HM,,250,8,,,,,
lgatHRAVRnaNA,7,lgat,HRA,VRna,NA,,HM,,250,8,,,,,
lgatNANANA,204,lgat,NA,NA,NA,,,,,,,,,,
lgatNAVRNA,3,lgat,NA,VR,NA,,HM,,250,8,,,,,
livrHRANACatRet1,9,livr,HRA,NA,CatRet1,,HM,,35,1.5,,,,,
livrHRANANA,8213,livr,HRA,NA,NA,,,,,,,,,,
livrHRARCatOff1,4,livr,HRA,R,CatOff1,,HM,,175,5,,,,,
livrHRARNA,1163,livr,HRA,R,NA,,HM,,125,4,,,,,
livrHRAVRCatRet1,8,livr,HRA,VR,CatRet1,,HM,,175,5,,,,,
livrHRAVRNA,458,livr,HRA,VR,NA,,HM,,250,8,,,,,
livrHRAVRrCatOff1,1,livr,HRA,VRr,CatOff1,,HM,,175,5,,,,,
livrHRAVRrNA,14,livr,HRA,VRr,NA,,HM,,250,8,,,,,
livrNANACatOff1,7,livr,NA,NA,CatOff1,,HM,,35,1.5,,,,,
livrNANACatRet1,28,livr,NA,NA,CatRet1,,HM,,35,1.5,,,,,
livrNANANA,9806,livr,NA,NA,NA,,,,,,,,,,
livrNARCatOff1,6,livr,NA,R,CatOff1,,HM,,175,5,,,,,
livrNARCatRet1,9,livr,NA,R,CatRet1,,HM,,175,5,,,,,
livrNARNA,5569,livr,NA,R,NA,,HM,,125,4,,,,,
livrNARnaCatOff1,1,livr,NA,Rna,CatOff1,,HM,,35,1.5,,,,,
livrNARnaNA,3,livr,NA,Rna,NA,,HM,,125,4,,,,,
livrNAVRCatRet1,2,livr,NA,VR,CatRet1,,HM,,175,5,,,,,
livrNAVRNA,907,livr,NA,VR,NA,,HM,,250,8,,,,,
livrNAVRnaNA,60,livr,NA,VRna,NA,,HM,,250,8,,,,,
livrNAVRrNA,168,livr,NA,VRr,NA,,HM,,250,8,,,,,
martHRANANA,2911,mart,HRA,NA,NA,,,,,,,,,,
martNANACatRet1,13,mart,NA,NA,CatRet1,,HM,,35,1.5,,,,,
martNANANA,7924,mart,NA,NA,NA,,,,,,,,,,
martNARNA,868,mart,NA,R,NA,,HM,,125,4,,,,,
martNARnaNA,154,mart,NA,Rna,NA,,HM,,125,4,,,,,
menpHRAConnCatRet1,2,menp,HRA,Conn,CatRet1,,HM,,175,5,,,,,
menpHRAConnNA,1043,menp,HRA,Conn,NA,,HM,,50,2,,,,,
menpHRANANA,1814,menp,HRA,NA,NA,,,,,,,,,,
menpHRARNA,349,menp,HRA,R,NA,,HM,,125,4,,,,,
menpHRAVRNA,1202,menp,HRA,VR,NA,,HM,,250,8,,,,,
menpHRAVRnaNA,472,menp,HRA,VRna,NA,,HM,,250,8,,,,,
menpHRAVRrNA,252,menp,HRA,VRr,NA,,HM,,250,8,,,,,
menpNAConnNA,5,menp,NA,Conn,NA,,HM,,50,2,,,,,
menpNANACatOff1,25,menp,NA,NA,CatOff1,,HM,,35,1.5,,,,,
menpNANACatRet1,2,menp,NA,NA,CatRet1,,HM,,35,1.5,,,,,
menpNANANA,3787,menp,NA,NA,NA,,,,,,,,,,
menpNARNA,157,menp,NA,R,NA,,HM,,125,4,,,,,
milbHRAConnNA,1472,milb,HRA,Conn,NA,,HM,,50,2,,,,,
milbHRANANA,3484,milb,HRA,NA,NA,,,,,,,,,,
milbHRARNA,113,milb,HRA,R,NA,,HM,,125,4,,,,,
milbHRAVRCatRet1,10,milb,HRA,VR,CatRet1,,HM,,175,5,,,,,
milbHRAVRNA,1023,milb,HRA,VR,NA,,HM,,250,8,,,,,
milbNANANA,19,milb,NA,NA,NA,,,,,,,,,,
milbNARNA,2,milb,NA,R,NA,,HM,,125,4,,,,,
milbNAVRNA,2,milb,NA,VR,NA,,HM,,250,8,,,,,
milpHRAConnCatRet1,26,milp,HRA,Conn,CatRet1,,HM,,175,5,,,,,
milpHRAConnNA,7336,milp,HRA,Conn,NA,,HM,,50,2,,,,,
milpHRANACatRet1,5,milp,HRA,NA,CatRet1,,HM,,35,1.5,,,,,
milpHRANANA,3231,milp,HRA,NA,NA,,,,,,,,,,
milpHRAVRCatOff1,2,milp,HRA,VR,CatOff1,,HM,,175,5,,,,,
milpHRAVRNA,784,milp,HRA,VR,NA,,HM,,250,8,,,,,
milpNAConnNA,1,milp,NA,Conn,NA,,HM,,50,2,,,,,
milpNANACatOff1,53,milp,NA,NA,CatOff1,,HM,,35,1.5,,,,,
milpNANACatRet1,33,milp,NA,NA,CatRet1,,HM,,35,1.5,,,,,
milpNANANA,3581,milp,NA,NA,NA,,,,,,,,,,
milpNAVRCatOff1,30,milp,NA,VR,CatOff1,,HM,,175,5,,,,,
milpNAVRCatRet1,2,milp,NA,VR,CatRet1,,HM,,175,5,,,,,
milpNAVRNA,895,milp,NA,VR,NA,,HM,,250,8,,,,,
milvHRANACatRet1,7,milv,HRA,NA,CatRet1,,HM,,35,1.5,,,,,
milvHRANANA,5529,milv,HRA,NA,NA,,,,,,,,,,
milvNANANA,158,milv,NA,NA,NA,,,,,,,,,,
moraHRANACatRet1,18,mora,HRA,NA,CatRet1,,HM,,35,1.5,,,,,
moraHRANANA,4803,mora,HRA,NA,NA,,,,,,,,,,
moraNANANA,171,mora,NA,NA,NA,,,,,,,,,,
mrghNANACatOff1,40,mrgh,NA,NA,CatOff1,,HM,,35,1.5,,,,,
mrghNANACatRet1,56,mrgh,NA,NA,CatRet1,,HM,,35,1.5,,,,,
mrghNANANA,9584,mrgh,NA,NA,NA,,,,,,,,,,
mrghNAVRCatOff1,3,mrgh,NA,VR,CatOff1,,HM,,175,5,,,,,
mrghNAVRNA,1246,mrgh,NA,VR,NA,,HM,,250,8,,,,,
mserHRANANA,1251,mser,HRA,NA,NA,,,,,,,,,,
mtvwHRANACatOff1,9,mtvw,HRA,NA,CatOff1,,HM,,35,1.5,,,,,
mtvwHRANACatRet1,2,mtvw,HRA,NA,CatRet1,,HM,,35,1.5,,,,,
mtvwHRANANA,5323,mtvw,HRA,NA,NA,,,,,,,,,,
mtvwHRARCatRet1,6,mtvw,HRA,R,CatRet1,,HM,,175,5,,,,,
mtvwHRARNA,3838,mtvw,HRA,R,NA,,HM,,125,4,,,,,
mtvwHRAVRCatOff1,33,mtvw,HRA,VR,CatOff1,,HM,,175,5,,,,,
mtvwHRAVRCatRet1,3,mtvw,HRA,VR,CatRet1,,HM,,175,5,,,,,
mtvwHRAVRNA,3641,mtvw,HRA,VR,NA,,HM,,250,8,,,,,
mtvwNANACatOff1,38,mtvw,NA,NA,CatOff1,,HM,,35,1.5,,,,,
mtvwNANACatRet1,8,mtvw,NA,NA,CatRet1,,HM,,35,1.5,,,,,
mtvwNANANA,1106,mtvw,NA,NA,NA,,,,,,,,,,
mtvwNARCatRet1,1,mtvw,NA,R,CatRet1,,HM,,175,5,,,,,
mtvwNARNA,425,mtvw,NA,R,NA,,HM,,125,4,,,,,
mtvwNAVRCatRet1,21,mtvw,NA,VR,CatRet1,,HM,,175,5,,,,,
mtvwNAVRNA,388,mtvw,NA,VR,NA,,HM,,250,8,,,,,
napaNAConnCatRet1,8,napa,NA,Conn,CatRet1,,HM,,175,5,,,,,
napaNAConnNA,743,napa,NA,Conn,NA,,HM,,50,2,,,,,
napaNANACatRet1,47,napa,NA,NA,CatRet1,,HM,,35,1.5,,,,,
napaNANANA,22653,napa,NA,NA,NA,,,,,,,,,,
newkHRAConnCatRet1,10,newk,HRA,Conn,CatRet1,,HM,,175,5,,,,,
newkHRAConnNA,864,newk,HRA,Conn,NA,,HM,,50,2,,,,,
newkHRANACatOff1,11,newk,HRA,NA,CatOff1,,HM,,35,1.5,,,,,
newkHRANANA,26,newk,HRA,NA,NA,,,,,,,,,,
newkHRARCatRet1,13,newk,HRA,R,CatRet1,,HM,,175,5,,,,,
newkHRARNA,27,newk,HRA,R,NA,,HM,,125,4,,,,,
newkNANACatOff1,10,newk,NA,NA,CatOff1,,HM,,35,1.5,,,,,
newkNANACatRet1,42,newk,NA,NA,CatRet1,,HM,,35,1.5,,,,,
newkNANANA,8614,newk,NA,NA,NA,,,,,,,,,,
newkNARCatRet1,2,newk,NA,R,CatRet1,,HM,,175,5,,,,,
newkNARNA,146,newk,NA,R,NA,,HM,,125,4,,,,,
newkNARnaNA,1,newk,NA,Rna,NA,,HM,,125,4,,,,,
newkNAVRnaNA,1607,newk,NA,VRna,NA,,HM,,250,8,,,,,
novaHRANACatRet1,12,nova,HRA,NA,CatRet1,,HM,,35,1.5,,,,,
novaHRANANA,10556,nova,HRA,NA,NA,,,,,,,,,,
novaHRARNA,15,nova,HRA,R,NA,,HM,,125,4,,,,,
novaNANACatRet1,9,nova,NA,NA,CatRet1,,HM,,35,1.5,,,,,
novaNANANA,6375,nova,NA,NA,NA,,,,,,,,,,
novaNARNA,1113,nova,NA,R,NA,,HM,,125,4,,,,,
okldHRAConnNA,2938,okld,HRA,Conn,NA,,HM,,50,2,,,,,
okldHRANANA,9772,okld,HRA,NA,NA,,,,,,,,,,
okldHRARNA,1626,okld,HRA,R,NA,,HM,,125,4,,,,,
okldHRARnaNA,662,okld,HRA,Rna,NA,,HM,,125,4,,,,,
okldHRAVRCatRet1,2,okld,HRA,VR,CatRet1,,HM,,175,5,,,,,
okldHRAVRNA,969,okld,HRA,VR,NA,,HM,,250,8,,,,,
okldNANACatOff1,2,okld,NA,NA,CatOff1,,HM,,35,1.5,,,,,
okldNANANA,8771,okld,NA,NA,NA,,,,,,,,,,
okldNARCatRet1,16,okld,NA,R,CatRet1,,HM,,175,5,,,,,
okldNARNA,56885,okld,NA,R,NA,,HM,,125,4,,,,,
okldNARnaNA,2318,okld,NA,Rna,NA,,HM,,125,4,,,,,
okldNAVRCatRet1,3,okld,NA,VR,CatRet1,,HM,,175,5,,,,,
okldNAVRNA,13359,okld,NA,VR,NA,,HM,,250,8,,,,,
okldNAVRrNA,1228,okld,NA,VRr,NA,,HM,,250,8,,,,,
oklyNANACatRet1,10,okly,NA,NA,CatRet1,,HM,,35,1.5,,,,,
oklyNANANA,11828,okly,NA,NA,NA,,,,,,,,,,
orinHRANANA,6421,orin,HRA,NA,NA,,,,,,,,,,
orinHRAVRNA,509,orin,HRA,VR,NA,,HM,,250,8,,,,,
orinNANANA,231,orin,NA,NA,NA,,,,,,,,,,
orinNAVRNA,15,orin,NA,VR,NA,,HM,,250,8,,,,,
paciHRAConnNA,1005,paci,HRA,Conn,NA,,HM,,50,2,,,,,
paciHRANACatRet1,8,paci,HRA,NA,CatRet1,,HM,,35,1.5,,,,,
paciHRANANA,10505,paci,HRA,NA,NA,,,,,,,,,,
paciHRARNA,343,paci,HRA,R,NA,,HM,,125,4,,,,,
paciNAConnNA,11,paci,NA,Conn,NA,,HM,,50,2,,,,,
paciNANANA,673,paci,NA,NA,NA,,,,,,,,,,
paciNARNA,7,paci,NA,R,NA,,HM,,125,4,,,,,
palaHRAConnCatOff1,9,pala,HRA,Conn,CatOff1,,HM,,175,5,,,,,
palaHRAConnNA,1962,pala,HRA,Conn,NA,,HM,,50,2,,,,,
palaHRANANA,8676,pala,HRA,NA,NA,,,,,,,,,,
palaHRARCatRet1,3,pala,HRA,R,CatRet1,,HM,,175,5,,,,,
palaHRARNA,4311,pala,HRA,R,NA,,HM,,125,4,,,,,
palaHRARnaNA,1,pala,HRA,Rna,NA,,HM,,125,4,,,,,
palaHRAVRCatRet1,1,pala,HRA,VR,CatRet1,,HM,,175,5,,,,,
palaHRAVRNA,3155,pala,HRA,VR,NA,,HM,,250,8,,,,,
palaHRAVRnaNA,1,pala,HRA,VRna,NA,,HM,,250,8,,,,,
palaHRAVRrNA,11,pala,HRA,VRr,NA,,HM,,250,8,,,,,
palaNANACatOff1,7,pala,NA,NA,CatOff1,,HM,,35,1.5,,,,,
palaNANANA,312,pala,NA,NA,NA,,,,,,,,,,
palaNARNA,5,pala,NA,R,NA,,HM,,125,4,,,,,
palaNAVRNA,4,pala,NA,VR,NA,,HM,,250,8,,,,,
petaHRAConnCatRet1,12,peta,HRA,Conn,CatRet1,,HM,,175,5,,,,,
petaHRAConnNA,723,peta,HRA,Conn,NA,,HM,,50,2,,,,,
petaHRANANA,1895,peta,HRA,NA,NA,,,,,,,,,,
petaHRARNA,324,peta,HRA,R,NA,,HM,,125,4,,,,,
petaNANACatRet1,19,peta,NA,NA,CatRet1,,HM,,35,1.5,,,,,
petaNANANA,14379,peta,NA,NA,NA,,,,,,,,,,
petaNARCatRet1,11,peta,NA,R,CatRet1,,HM,,175,5,,,,,
petaNARNA,1597,peta,NA,R,NA,,HM,,125,4,,,,,
piedHRAConnNA,3158,pied,HRA,Conn,NA,,HM,,50,2,,,,,
piedHRANANA,457,pied,HRA,NA,NA,,,,,,,,,,
piedHRARNA,311,pied,HRA,R,NA,,HM,,125,4,,,,,
piedNANANA,4,pied,NA,NA,NA,,,,,,,,,,
piedNARNA,13,pied,NA,R,NA,,HM,,125,4,,,,,
pinoNAConnCatRet1,18,pino,NA,Conn,CatRet1,,HM,,175,5,,,,,
pinoNAConnNA,95,pino,NA,Conn,NA,,HM,,50,2,,,,,
pinoNANACatRet1,9,pino,NA,NA,CatRet1,,HM,,35,1.5,,,,,
pinoNANANA,6038,pino,NA,NA,NA,,,,,,,,,,
pinoNARCatRet1,17,pino,NA,R,CatRet1,,HM,,175,5,,,,,
pinoNARNA,21,pino,NA,R,NA,,HM,,125,4,,,,,
pittNAConnNA,1563,pitt,NA,Conn,NA,,HM,,50,2,,,,,
pittNANACatRet1,44,pitt,NA,NA,CatRet1,,HM,,35,1.5,,,,,
pittNANANA,14340,pitt,NA,NA,NA,,,,,,,,,,
pittNAVRNA,1758,pitt,NA,VR,NA,,HM,,250,8,,,,,
pleaHRANACatOff1,75,plea,HRA,NA,CatOff1,,HM,,35,1.5,,,,,
pleaHRANACatRet1,3,plea,HRA,NA,CatRet1,,HM,,35,1.5,,,,,
pleaHRANANA,20179,plea,HRA,NA,NA,,,,,,,,,,
pleaHRARCatOff1,12,plea,HRA,R,CatOff1,,HM,,175,5,,,,,
pleaHRARCatRet1,12,plea,HRA,R,CatRet1,,HM,,175,5,,,,,
pleaHRARNA,672,plea,HRA,R,NA,,HM,,125,4,,,,,
pleaHRAVRCatOff1,1,plea,HRA,VR,CatOff1,,HM,,175,5,,,,,
pleaHRAVRCatRet1,10,plea,HRA,VR,CatRet1,,HM,,175,5,,,,,
pleaHRAVRNA,467,plea,HRA,VR,NA,,HM,,250,8,,,,,
pleaNANANA,317,plea,NA,NA,NA,,,,,,,,,,
pleaNAVRNA,5,plea,NA,VR,NA,,HM,,250,8,,,,,
plhlHRAConnNA,55,plhl,HRA,Conn,NA,,HM,,50,2,,,,,
plhlHRANANA,5618,plhl,HRA,NA,NA,,,,,,,,,,
plhlHRAVRNA,13,plhl,HRA,VR,NA,,HM,,250,8,,,,,
plhlNAConnCatRet1,1,plhl,NA,Conn,CatRet1,,HM,,175,5,,,,,
plhlNAConnNA,9,plhl,NA,Conn,NA,,HM,,50,2,,,,,
plhlNANACatRet1,31,plhl,NA,NA,CatRet1,,HM,,35,1.5,,,,,
plhlNANANA,3863,plhl,NA,NA,NA,,,,,,,,,,
plhlNARCatRet1,6,plhl,NA,R,CatRet1,,HM,,175,5,,,,,
plhlNARNA,377,plhl,NA,R,NA,,HM,,125,4,,,,,
plhlNARnaNA,1,plhl,NA,Rna,NA,,HM,,125,4,,,,,
plhlNAVRNA,11,plhl,NA,VR,NA,,HM,,250,8,,,,,
porvHRANANA,1065,porv,HRA,NA,NA,,,,,,,,,,
porvNANANA,750,porv,NA,NA,NA,,,,,,,,,,
redcHRAConnNA,4713,redc,HRA,Conn,NA,,HM,,50,2,,,,,
redcHRANACatRet1,1,redc,HRA,NA,CatRet1,,HM,,35,1.5,,,,,
redcHRANANA,3541,redc,HRA,NA,NA,,,,,,,,,,
redcHRARNA,323,redc,HRA,R,NA,,HM,,125,4,,,,,
redcHRAVRNA,277,redc,HRA,VR,NA,,HM,,250,8,,,,,
redcHRAVRnaNA,39,redc,HRA,VRna,NA,,HM,,250,8,,,,,
redcHRAVRrNA,11,redc,HRA,VRr,NA,,HM,,250,8,,,,,
redcNAConnCatRet1,4,redc,NA,Conn,CatRet1,,HM,,175,5,,,,,
redcNAConnNA,197,redc,NA,Conn,NA,,HM,,50,2,,,,,
redcNANACatOff1,20,redc,NA,NA,CatOff1,,HM,,35,1.5,,,,,
redcNANACatRet1,14,redc,NA,NA,CatRet1,,HM,,35,1.5,,,,,
redcNANANA,7442,redc,NA,NA,NA,,,,,,,,,,
redcNARCatRet1,1,redc,NA,R,CatRet1,,HM,,175,5,,,,,
redcNARNA,98,redc,NA,R,NA,,HM,,125,4,,,,,
redcNAVRCatRet1,10,redc,NA,VR,CatRet1,,HM,,175,5,,,,,
redcNAVRNA,853,redc,NA,VR,NA,,HM,,250,8,,,,,
redcNAVRnaNA,8,redc,NA,VRna,NA,,HM,,250,8,,,,,
redcNAVRrNA,9,redc,NA,VRr,NA,,HM,,250,8,,,,,
richHRANANA,2,rich,HRA,NA,NA,,,,,,,,,,
richNAConnCatOff1,13,rich,NA,Conn,CatOff1,,HM,,175,5,,,,,
richNAConnNA,1937,rich,NA,Conn,NA,,HM,,50,2,,,,,
richNANACatOff1,2,rich,NA,NA,CatOff1,,HM,,35,1.5,,,,,
richNANACatRet1,19,rich,NA,NA,CatRet1,,HM,,35,1.5,,,,,
richNANANA,16137,rich,NA,NA,NA,,,,,,,,,,
richNARCatOff1,4,rich,NA,R,CatOff1,,HM,,175,5,,,,,
richNARCatRet1,2,rich,NA,R,CatRet1,,HM,,175,5,,,,,
richNARNA,8329,rich,NA,R,NA,,HM,,125,4,,,,,
richNARnaNA,21,rich,NA,Rna,NA,,HM,,125,4,,,,,
richNAVRCatRet1,1,rich,NA,VR,CatRet1,,HM,,175,5,,,,,
richNAVRNA,3002,rich,NA,VR,NA,,HM,,250,8,,,,,
riovNANANA,4917,riov,NA,NA,NA,,,,,,,,,,
rohpNAConnCatRet1,13,rohp,NA,Conn,CatRet1,,HM,,175,5,,,,,
rohpNAConnNA,388,rohp,NA,Conn,NA,,HM,,50,2,,,,,
rohpNANACatOff1,1,rohp,NA,NA,CatOff1,,HM,,35,1.5,,,,,
rohpNANACatRet1,32,rohp,NA,NA,CatRet1,,HM,,35,1.5,,,,,
rohpNANANA,7380,rohp,NA,NA,NA,,,,,,,,,,
rohpNARCatRet1,9,rohp,NA,R,CatRet1,,HM,,175,5,,,,,
rohpNARNA,1949,rohp,NA,R,NA,,HM,,125,4,,,,,
rossHRANANA,951,ross,HRA,NA,NA,,,,,,,,,,
rossNANANA,47,ross,NA,NA,NA,,,,,,,,,,
sansHRANANA,4772,sans,HRA,NA,NA,,,,,,,,,,
sansNANANA,74,sans,NA,NA,NA,,,,,,,,,,
saraHRAConnCatRet1,3,sara,HRA,Conn,CatRet1,,HM,,175,5,,,,,
saraHRAConnNA,3426,sara,HRA,Conn,NA,,HM,,50,2,,,,,
saraHRANACatRet1,4,sara,HRA,NA,CatRet1,,HM,,35,1.5,,,,,
saraHRANANA,7358,sara,HRA,NA,NA,,,,,,,,,,
saraNANANA,147,sara,NA,NA,NA,,,,,,,,,,
sausHRANANA,2351,saus,HRA,NA,NA,,,,,,,,,,
sausHRARNA,619,saus,HRA,R,NA,,HM,,125,4,,,,,
sausNANANA,133,saus,NA,NA,NA,,,,,,,,,,
sausNARNA,221,saus,NA,R,NA,,HM,,125,4,,,,,
sbruHRAConnNA,1525,sbru,HRA,Conn,NA,,HM,,50,2,,,,,
sbruHRANANA,3412,sbru,HRA,NA,NA,,,,,,,,,,
sbruHRARNA,4,sbru,HRA,R,NA,,HM,,125,4,,,,,
sbruHRAVRNA,4,sbru,HRA,VR,NA,,HM,,250,8,,,,,
sbruNANANA,2635,sbru,NA,NA,NA,,,,,,,,,,
sbruNARNA,3,sbru,NA,R,NA,,HM,,125,4,,,,,
sbruNAVRCatRet1,10,sbru,NA,VR,CatRet1,,HM,,175,5,,,,,
sbruNAVRNA,2977,sbru,NA,VR,NA,,HM,,250,8,,,,,
scarHRAConnNA,1952,scar,HRA,Conn,NA,,HM,,50,2,,,,,
scarHRANANA,5960,scar,HRA,NA,NA,,,,,,,,,,
scarHRAVRNA,851,scar,HRA,VR,NA,,HM,,250,8,,,,,
scarNANACatOff1,1,scar,NA,NA,CatOff1,,HM,,35,1.5,,,,,
scarNANACatRet1,7,scar,NA,NA,CatRet1,,HM,,35,1.5,,,,,
scarNANANA,360,scar,NA,NA,NA,,,,,,,,,,
scarNARNA,4,scar,NA,R,NA,,HM,,125,4,,,,,
scarNAVRNA,665,scar,NA,VR,NA,,HM,,250,8,,,,,
sclaHRAConnNA,2237,scla,HRA,Conn,NA,,HM,,50,2,,,,,
sclaHRANACatOff1,1,scla,HRA,NA,CatOff1,,HM,,35,1.5,,,,,
sclaHRANACatRet1,10,scla,HRA,NA,CatRet1,,HM,,35,1.5,,,,,
sclaHRANANA,4326,scla,HRA,NA,NA,,,,,,,,,,
sclaHRARCatRet1,20,scla,HRA,R,CatRet1,,HM,,175,5,,,,,
sclaHRARNA,3718,scla,HRA,R,NA,,HM,,125,4,,,,,
sclaHRAVRNA,149,scla,HRA,VR,NA,,HM,,250,8,,,,,
sclaNANACatOff1,187,scla,NA,NA,CatOff1,,HM,,35,1.5,,,,,
sclaNANACatRet1,1,scla,NA,NA,CatRet1,,HM,,35,1.5,,,,,
sclaNANANA,6671,scla,NA,NA,NA,,,,,,,,,,
sclaNARCatOff1,21,scla,NA,R,CatOff1,,HM,,175,5,,,,,
sclaNARCatRet1,20,scla,NA,R,CatRet1,,HM,,175,5,,,,,
sclaNARNA,6390,scla,NA,R,NA,,HM,,125,4,,,,,
sclaNAVRCatOff1,25,scla,NA,VR,CatOff1,,HM,,175,5,,,,,
sclaNAVRCatRet1,1,scla,NA,VR,CatRet1,,HM,,175,5,,,,,
sclaNAVRNA,1783,scla,NA,VR,NA,,HM,,250,8,,,,,
sebaNANACatRet1,7,seba,NA,NA,CatRet1,,HM,,35,1.5,,,,,
sebaNANANA,2653,seba,NA,NA,NA,,,,,,,,,,
sfraHRAConnNA,8,sfra,HRA,Conn,NA,,HM,,50,2,,,,,
sfraHRANANA,324,sfra,HRA,NA,NA,,,,,,,,,,
sfraHRARCatRet1,3,sfra,HRA,R,CatRet1,,HM,,175,5,,,,,
sfraHRARNA,33128,sfra,HRA,R,NA,,HM,,125,4,,,,,
sfraHRAVRCatRet1,1,sfra,HRA,VR,CatRet1,,HM,,175,5,,,,,
sfraHRAVRNA,59327,sfra,HRA,VR,NA,,HM,,250,8,,,,,
sfraHRAVRrNA,1437,sfra,HRA,VRr,NA,,HM,,250,8,,,,,
sfraNANANA,415,sfra,NA,NA,NA,,,,,,,,,,
sfraNARCatOff1,1,sfra,NA,R,CatOff1,,HM,,175,5,,,,,
sfraNARNA,14345,sfra,NA,R,NA,,HM,,125,4,,,,,
sfraNARnaNA,17,sfra,NA,Rna,NA,,HM,,125,4,,,,,
sfraNAVRCatOff1,12,sfra,NA,VR,CatOff1,,HM,,175,5,,,,,
sfraNAVRCatRet1,6,sfra,NA,VR,CatRet1,,HM,,175,5,,,,,
sfraNAVRNA,44261,sfra,NA,VR,NA,,HM,,250,8,,,,,
sfraNAVRrNA,70,sfra,NA,VRr,NA,,HM,,250,8,,,,,
shelNANANA,2254,shel,NA,NA,NA,,,,,,,,,,
sjosHRAConnCatOff1,4,sjos,HRA,Conn,CatOff1,,HM,,175,5,,,,,
sjosHRAConnCatRet1,41,sjos,HRA,Conn,CatRet1,,HM,,175,5,,,,,
sjosHRAConnNA,29351,sjos,HRA,Conn,NA,,HM,,50,2,,,,,
sjosHRANACatRet1,29,sjos,HRA,NA,CatRet1,,HM,,35,1.5,,,,,
sjosHRANANA,43635,sjos,HRA,NA,NA,,,,,,,,,,
sjosHRARCatRet1,4,sjos,HRA,R,CatRet1,,HM,,175,5,,,,,
sjosHRARNA,3558,sjos,HRA,R,NA,,HM,,125,4,,,,,
sjosHRAVRCatOff1,18,sjos,HRA,VR,CatOff1,,HM,,175,5,,,,,
sjosHRAVRCatRet1,4,sjos,HRA,VR,CatRet1,,HM,,175,5,,,,,
sjosHRAVRNA,2590,sjos,HRA,VR,NA,,HM,,250,8,,,,,
sjosNAConnCatRet1,2,sjos,NA,Conn,CatRet1,,HM,,175,5,,,,,
sjosNAConnNA,758,sjos,NA,Conn,NA,,HM,,50,2,,,,,
sjosNANACatOff1,140,sjos,NA,NA,CatOff1,,HM,,35,1.5,,,,,
sjosNANACatRet1,85,sjos,NA,NA,CatRet1,,HM,,35,1.5,,,,,
sjosNANANA,66779,sjos,NA,NA,NA,,,,,,,,,,
sjosNARCatOff1,1,sjos,NA,R,CatOff1,,HM,,175,5,,,,,
sjosNARCatRet1,83,sjos,NA,R,CatRet1,,HM,,175,5,,,,,
sjosNARNA,26823,sjos,NA,R,NA,,HM,,125,4,,,,,
sjosNAVRCatOff1,190,sjos,NA,VR,CatOff1,,HM,,175,5,,,,,
sjosNAVRCatRet1,129,sjos,NA,VR,CatRet1,,HM,,175,5,,,,,
sjosNAVRNA,44829,sjos,NA,VR,NA,,HM,,250,8,,,,,
sjosNAVRnaNA,1,sjos,NA,VRna,NA,,HM,,250,8,,,,,
sjosNAVRrCatRet1,1,sjos,NA,VRr,CatRet1,,HM,,175,5,,,,,
sjosNAVRrNA,103,sjos,NA,VRr,NA,,HM,,250,8,,,,,
sleaNANACatOff1,6,slea,NA,NA,CatOff1,,HM,,35,1.5,,,,,
sleaNANACatRet1,20,slea,NA,NA,CatRet1,,HM,,35,1.5,,,,,
sleaNANANA,13643,slea,NA,NA,NA,,,,,,,,,,
sleaNARCatRet1,2,slea,NA,R,CatRet1,,HM,,175,5,,,,,
sleaNARNA,6128,slea,NA,R,NA,,HM,,125,4,,,,,
sleaNARnaNA,1,slea,NA,Rna,NA,,HM,,125,4,,,,,
sleaNAVRCatRet1,19,slea,NA,VR,CatRet1,,HM,,175,5,,,,,
sleaNAVRNA,3088,slea,NA,VR,NA,,HM,,250,8,,,,,
smatHRAConnNA,3442,smat,HRA,Conn,NA,,HM,,50,2,,,,,
smatHRANACatOff1,1,smat,HRA,NA,CatOff1,,HM,,35,1.5,,,,,
smatHRANACatRet1,4,smat,HRA,NA,CatRet1,,HM,,35,1.5,,,,,
smatHRANANA,6653,smat,HRA,NA,NA,,,,,,,,,,
smatHRAVRCatRet1,2,smat,HRA,VR,CatRet1,,HM,,175,5,,,,,
smatHRAVRNA,2300,smat,HRA,VR,NA,,HM,,250,8,,,,,
smatNANACatRet1,16,smat,NA,NA,CatRet1,,HM,,35,1.5,,,,,
smatNANANA,7423,smat,NA,NA,NA,,,,,,,,,,
smatNARNA,15,smat,NA,R,NA,,HM,,125,4,,,,,
smatNAVRCatRet1,6,smat,NA,VR,CatRet1,,HM,,175,5,,,,,
smatNAVRNA,2332,smat,NA,VR,NA,,HM,,250,8,,,,,
sonoNANACatRet1,4,sono,NA,NA,CatRet1,,HM,,35,1.5,,,,,
sonoNANANA,4228,sono,NA,NA,NA,,,,,,,,,,
spabNAConnNA,102,spab,NA,Conn,NA,,HM,,50,2,,,,,
spabNANACatRet1,2,spab,NA,NA,CatRet1,,HM,,35,1.5,,,,,
spabNANANA,2496,spab,NA,NA,NA,,,,,,,,,,
spabNARCatRet1,14,spab,NA,R,CatRet1,,HM,,175,5,,,,,
spabNARNA,3263,spab,NA,R,NA,,HM,,125,4,,,,,
spabNARnaNA,26,spab,NA,Rna,NA,,HM,,125,4,,,,,
srafHRANACatRet1,1,sraf,HRA,NA,CatRet1,,HM,,35,1.5,,,,,
srafHRANANA,5228,sraf,HRA,NA,NA,,,,,,,,,,
srafHRARCatRet1,6,sraf,HRA,R,CatRet1,,HM,,175,5,,,,,
srafHRARNA,512,sraf,HRA,R,NA,,HM,,125,4,,,,,
srafNANACatRet1,6,sraf,NA,NA,CatRet1,,HM,,35,1.5,,,,,
srafNANANA,10293,sraf,NA,NA,NA,,,,,,,,,,
srafNARNA,1438,sraf,NA,R,NA,,HM,,125,4,,,,,
sramHRAConnCatRet1,15,sram,HRA,Conn,CatRet1,,HM,,175,5,,,,,
sramHRAConnNA,95,sram,HRA,Conn,NA,,HM,,50,2,,,,,
sramHRANACatRet1,11,sram,HRA,NA,CatRet1,,HM,,35,1.5,,,,,
sramHRANANA,18230,sram,HRA,NA,NA,,,,,,,,,,
sramHRARCatRet1,3,sram,HRA,R,CatRet1,,HM,,175,5,,,,,
sramHRARNA,749,sram,HRA,R,NA,,HM,,125,4,,,,,
sramHRARnaNA,1,sram,HRA,Rna,NA,,HM,,125,4,,,,,
sramNANANA,193,sram,NA,NA,NA,,,,,,,,,,
srosHRAConnNA,1472,sros,HRA,Conn,NA,,HM,,50,2,,,,,
srosHRANANA,3708,sros,HRA,NA,NA,,,,,,,,,,
srosNAConnCatRet1,4,sros,NA,Conn,CatRet1,,HM,,175,5,,,,,
srosNAConnNA,3193,sros,NA,Conn,NA,,HM,,50,2,,,,,
srosNANACatOff1,8,sros,NA,NA,CatOff1,,HM,,35,1.5,,,,,
srosNANACatRet1,23,sros,NA,NA,CatRet1,,HM,,35,1.5,,,,,
srosNANANA,31401,sros,NA,NA,NA,,,,,,,,,,
srosNARCatRet1,28,sros,NA,R,CatRet1,,HM,,175,5,,,,,
srosNARNA,6976,sros,NA,R,NA,,HM,,125,4,,,,,
srosNARnaCatRet1,18,sros,NA,Rna,CatRet1,,HM,,35,1.5,,,,,
srosNARnaNA,1192,sros,NA,Rna,NA,,HM,,125,4,,,,,
ssfrHRAConnCatRet1,5,ssfr,HRA,Conn,CatRet1,,HM,,175,5,,,,,
ssfrHRAConnNA,5937,ssfr,HRA,Conn,NA,,HM,,50,2,,,,,
ssfrHRANANA,704,ssfr,HRA,NA,NA,,,,,,,,,,
ssfrHRARNA,89,ssfr,HRA,R,NA,,HM,,125,4,,,,,
ssfrHRAVRNA,1256,ssfr,HRA,VR,NA,,HM,,250,8,,,,,
ssfrNAConnCatRet1,1,ssfr,NA,Conn,CatRet1,,HM,,175,5,,,,,
ssfrNAConnNA,1023,ssfr,NA,Conn,NA,,HM,,50,2,,,,,
ssfrNANACatOff1,19,ssfr,NA,NA,CatOff1,,HM,,35,1.5,,,,,
ssfrNANANA,5548,ssfr,NA,NA,NA,,,,,,,,,,
ssfrNARCatOff1,1,ssfr,NA,R,CatOff1,,HM,,175,5,,,,,
ssfrNARNA,18,ssfr,NA,R,NA,,HM,,125,4,,,,,
ssfrNAVRCatOff1,9,ssfr,NA,VR,CatOff1,,HM,,175,5,,,,,
ssfrNAVRCatRet1,2,ssfr,NA,VR,CatRet1,,HM,,175,5,,,,,
ssfrNAVRNA,1158,ssfr,NA,VR,NA,,HM,,250,8,,,,,
suicNANACatRet1,7,suic,NA,NA,CatRet1,,HM,,35,1.5,,,,,
suicNANANA,7678,suic,NA,NA,NA,,,,,,,,,,
suicNARNA,504,suic,NA,R,NA,,HM,,125,4,,,,,
suicNARnaNA,386,suic,NA,Rna,NA,,HM,,125,4,,,,,
sunnHRAConnCatOff1,1,sunn,HRA,Conn,CatOff1,,HM,,175,5,,,,,
sunnHRAConnNA,3209,sunn,HRA,Conn,NA,,HM,,50,2,,,,,
sunnHRANACatOff1,37,sunn,HRA,NA,CatOff1,,HM,,35,1.5,,,,,
sunnHRANACatRet1,6,sunn,HRA,NA,CatRet1,,HM,,35,1.5,,,,,
sunnHRANANA,9421,sunn,HRA,NA,NA,,,,,,,,,,
sunnHRARCatRet1,30,sunn,HRA,R,CatRet1,,HM,,175,5,,,,,
sunnHRARNA,6389,sunn,HRA,R,NA,,HM,,125,4,,,,,
sunnHRAVRCatOff1,5,sunn,HRA,VR,CatOff1,,HM,,175,5,,,,,
sunnHRAVRCatRet1,7,sunn,HRA,VR,CatRet1,,HM,,175,5,,,,,
sunnHRAVRNA,1797,sunn,HRA,VR,NA,,HM,,250,8,,,,,
sunnNANACatOff1,89,sunn,NA,NA,CatOff1,,HM,,35,1.5,,,,,
sunnNANANA,4817,sunn,NA,NA,NA,,,,,,,,,,
sunnNARNA,104,sunn,NA,R,NA,,HM,,125,4,,,,,
sunnNAVRCatOff1,89,sunn,NA,VR,CatOff1,,HM,,175,5,,,,,
sunnNAVRNA,1664,sunn,NA,VR,NA,,HM,,250,8,,,,,
tibuHRANANA,2915,tibu,HRA,NA,NA,,,,,,,,,,
tibuHRARNA,544,tibu,HRA,R,NA,,HM,,125,4,,,,,
tibuHRARnaNA,13,tibu,HRA,Rna,NA,,HM,,125,4,,,,,
tibuNANANA,109,tibu,NA,NA,NA,,,,,,,,,,
tibuNARNA,6,tibu,NA,R,NA,,HM,,125,4,,,,,
ualaHRAConnNA,8,uala,HRA,Conn,NA,,HM,,50,2,,,,,
ualaHRANACatRet1,2,uala,HRA,NA,CatRet1,,HM,,35,1.5,,,,,
ualaHRANANA,14383,uala,HRA,NA,NA,,,,,,,0.1,,,
ualaHRARNA,50,uala,HRA,R,NA,,HM,,125,4,,,,,
ualaHRAVRCatRet1,19,uala,HRA,VR,CatRet1,,HM,,175,5,,,,,
ualaHRAVRNA,171,uala,HRA,VR,NA,,HM,,250,8,,,,,
ualaHRAVRrNA,1,uala,HRA,VRr,NA,,HM,,250,8,,,,,
ualaNAConnCatRet1,3,uala,NA,Conn,CatRet1,,HM,,175,5,,,,,
ualaNAConnNA,1884,uala,NA,Conn,NA,,HM,,50,2,,0.1,,,
ualaNANACatRet1,1,uala,NA,NA,CatRet1,,HM,,35,1.5,,,,,
ualaNANANA,17967,uala,NA,NA,NA,,,,,,,0.1,,,
ualaNARCatRet1,1,uala,NA,R,CatRet1,,HM,,175,5,,,,,
ualaNARNA,5021,uala,NA,R,NA,,HM,,125,4,,,,,
ualaNARnaNA,229,uala,NA,Rna,NA,,HM,,125,4,,,,,
ualaNAVRCatRet1,15,uala,NA,VR,CatRet1,,HM,,175,5,,,,,
ualaNAVRNA,2635,uala,NA,VR,NA,,HM,,250,8,,,,,
ualaNAVRnaNA,22,uala,NA,VRna,NA,,HM,,250,8,,,,,
ualaNAVRrNA,22,uala,NA,VRr,NA,,HM,,250,8,,,,,
ucncHRAConnNA,53,ucnc,HRA,Conn,NA,,HM,,50,2,,,,,
ucncHRANACatRet1,2,ucnc,HRA,NA,CatRet1,,HM,,35,1.5,,,,,
ucncHRANANA,18559,ucnc,HRA,NA,NA,,,,,,0.6,0.1,,,
ucncHRARNA,716,ucnc,HRA,R,NA,,HM,,125,4,,,,,
ucncHRAVRNA,402,ucnc,HRA,VR,NA,,HM,,250,8,,,,,
ucncNAConnNA,309,ucnc,NA,Conn,NA,,HM,,50,2,,,,,
ucncNANACatRet1,5,ucnc,NA,NA,CatRet1,,HM,,35,1.5,,,,,
ucncNANANA,37516,ucnc,NA,NA,NA,,,,,,0.6,0.1,,,
ucncNARNA,863,ucnc,NA,R,NA,,HM,,125,4,,,,,
ucncNAVRNA,618,ucnc,NA,VR,NA,,HM,,250,8,,,,,
umarHRANACatRet1,9,umar,HRA,NA,CatRet1,,HM,,35,1.5,,,,,
umarHRANANA,14440,umar,HRA,NA,NA,,,,,,,0.1,,,
umarHRARNA,190,umar,HRA,R,NA,,HM,,125,4,,,,,
umarNANANA,15708,umar,NA,NA,NA,,,,,,,0.1,,,
umarNARNA,109,umar,NA,R,NA,,HM,,125,4,,,,,
unapNANACatOff1,4,unap,NA,NA,CatOff1,,HM,,35,1.5,,,,,
unapNANANA,15679,unap,NA,NA,NA,,,,,,0.25,0.1,,,
unicHRAConnNA,831,unic,HRA,Conn,NA,,HM,,50,2,,0.1,,,
unicHRANANA,1790,unic,HRA,NA,NA,,,,,,,0.1,,,
unicNANACatOff1,11,unic,NA,NA,CatOff1,,HM,,35,1.5,,,,,
unicNANACatRet1,14,unic,NA,NA,CatRet1,,HM,,35,1.5,,,,,
unicNANANA,11602,unic,NA,NA,NA,,,,,,,,,,
unicNARCatRet1,22,unic,NA,R,CatRet1,,HM,,175,5,,,,,
unicNARNA,913,unic,NA,R,NA,,HM,,125,4,,,,,
unicNAVRCatRet1,13,unic,NA,VR,CatRet1,,HM,,175,5,,,,,
unicNAVRNA,900,unic,NA,VR,NA,,HM,,250,8,,,,,
unicNAVRnaNA,25,unic,NA,VRna,NA,,HM,,250,8,,,,,
unicNAVRrNA,4,unic,NA,VRr,NA,,HM,,250,8,,,,,
usclHRAConnNA,884,uscl,HRA,Conn,NA,,HM,,50,2,,,,,
usclHRANACatRet1,2,uscl,HRA,NA,CatRet1,,HM,,35,1.5,,,,,
usclHRANANA,4941,uscl,HRA,NA,NA,,,,,,2.5,0.1,,,
usclHRARNA,399,uscl,HRA,R,NA,,HM,,125,4,,0.1,,,
usclHRAVRNA,22,uscl,HRA,VR,NA,,HM,,250,8,,,,,
usclNAConnNA,14,uscl,NA,Conn,NA,,HM,,50,2,2.5,0.1,,,
usclNANACatRet1,2,uscl,NA,NA,CatRet1,,HM,,35,1.5,,,,,
usclNANANA,20186,uscl,NA,NA,NA,,,,,,2.5,0.1,,,
usclNARNA,1158,uscl,NA,R,NA,,HM,,125,4,,,,,
usclNAVRNA,1593,uscl,NA,VR,NA,,HM,,250,8,,,,,
usclNAVRrNA,4,uscl,NA,VRr,NA,,HM,,250,8,,,,,
usmtHRAConnNA,679,usmt,HRA,Conn,NA,,HM,,50,2,,,,,
usmtHRANANA,6285,usmt,HRA,NA,NA,,,,,,,0.1,,,
usmtHRARNA,36,usmt,HRA,R,NA,,HM,,125,4,,,,,
usmtHRAVRNA,2,usmt,HRA,VR,NA,,HM,,250,8,,,,,
usmtNAConnNA,2198,usmt,NA,Conn,NA,,HM,,50,2,,0.1,,,
usmtNANACatRet1,1,usmt,NA,NA,CatRet1,,HM,,35,1.5,,,,,
usmtNANANA,13689,usmt,NA,NA,NA,,,,,,,0.1,,,
usmtNARNA,1136,usmt,NA,R,NA,,HM,,125,4,,,,,
usmtNAVRCatOff1,6,usmt,NA,VR,CatOff1,,HM,,175,5,,,,,
usmtNAVRNA,339,usmt,NA,VR,NA,,HM,,250,8,,,,,
usolHRANANA,32,usol,HRA,NA,NA,,,,,,,0.1,,,
usolNAConnNA,5,usol,NA,Conn,NA,,HM,,50,2,,0.1,,,
usolNANANA,11083,usol,NA,NA,NA,,,,,,,0.1,,,
usolNARNA,67,usol,NA,R,NA,,HM,,125,4,,,,,
usonHRAConnNA,8,uson,HRA,Conn,NA,,HM,,50,2,,,,,
usonHRANANA,275,uson,HRA,NA,NA,,,,,,,0.1,,,
usonHRARNA,1,uson,HRA,R,NA,,HM,,125,4,,,,,
usonNAConnCatRet1,4,uson,NA,Conn,CatRet1,,HM,,175,5,,,,,
usonNAConnNA,1470,uson,NA,Conn,NA,,HM,,50,2,,0.1,,,
usonNANACatOff1,7,uson,NA,NA,CatOff1,,HM,,35,1.5,,,,,
usonNANACatRet1,3,uson,NA,NA,CatRet1,,HM,,35,1.5,,,,,
usonNANANA,67792,uson,NA,NA,NA,,,,,,,0.1,,,
usonNARNA,314,uson,NA,R,NA,,HM,,125,4,,,,,
usonNARnaNA,108,uson,NA,Rna,NA,,HM,,125,4,,,,,
vacaNAConnCatRet1,10,vaca,NA,Conn,CatRet1,,HM,,175,5,,,,,
vacaNAConnNA,37,vaca,NA,Conn,NA,,HM,,50,2,,,,,
vacaNANACatOff1,1,vaca,NA,NA,CatOff1,,HM,,35,1.5,,,,,
vacaNANACatRet1,47,vaca,NA,NA,CatRet1,,HM,,35,1.5,,,,,
vacaNANANA,27810,vaca,NA,NA,NA,,,,,,,,,,
vallHRANANA,175,vall,HRA,NA,NA,,,,,,,,,,
vallNAConnCatRet1,3,vall,NA,Conn,CatRet1,,HM,,175,5,,,,,
vallNAConnNA,37,vall,NA,Conn,NA,,HM,,50,2,,,,,
vallNANACatRet1,15,vall,NA,NA,CatRet1,,HM,,35,1.5,,,,,
vallNANANA,35697,vall,NA,NA,NA,,,,,,,,,,
vallNARNA,2240,vall,NA,R,NA,,HM,,125,4,,,,,
vallNARnaNA,3,vall,NA,Rna,NA,,HM,,125,4,,,,,
walcHRANACatOff1,5,walc,HRA,NA,CatOff1,,HM,,35,1.5,,,,,
walcHRANACatRet1,15,walc,HRA,NA,CatRet1,,HM,,35,1.5,,,,,
walcHRANANA,13541,walc,HRA,NA,NA,,,,,,,,,,
walcHRARNA,1361,walc,HRA,R,NA,,HM,,125,4,,,,,
walcHRAVRNA,978,walc,HRA,VR,NA,,HM,,250,8,,,,,
walcNANANA,96,walc,NA,NA,NA,,,,,,,,,,
walcNARNA,1,walc,NA,R,NA,,HM,,125,4,,,,,
walcNAVRNA,2,walc,NA,VR,NA,,HM,,250,8,,,,,
windNANACatOff1,1,wind,NA,NA,CatOff1,,HM,,35,1.5,,,,,
windNANACatRet1,20,wind,NA,NA,CatRet1,,HM,,35,1.5,,,,,
windNANANA,7290,wind,NA,NA,NA,,,,,,,,,,
windNARCatRet1,1,wind,NA,R,CatRet1,,HM,,175,5,,,,,
windNARNA,1148,wind,NA,R,NA,,HM,,125,4,,,,,
windNARnaNA,76,wind,NA,Rna,NA,,HM,,125,4,,,,,
woodHRAConnNA,255,wood,HRA,Conn,NA,,HM,,50,2,,,,,
woodHRANANA,977,wood,HRA,NA,NA,,,,,,,,,,
woodNAConnNA,28,wood,NA,Conn,NA,,HM,,50,2,,,,,
woodNANANA,1148,wood,NA,NA,NA,,,,,,,,,,
younNANACatRet1,1,youn,NA,NA,CatRet1,,HM,,35,1.5,,,,,
younNANANA,840,youn,NA,NA,NA,,,,,,,,,,
